date,cle,valeur
1992-01-01,brent,18.15652173913043
1992-02-01,brent,18.11
1992-03-01,brent,17.65909090909091
1992-04-01,brent,19.01590909090909
1992-05-01,brent,19.98095238095238
1992-06-01,brent,21.18863636363636
1992-07-01,brent,20.32608695652174
1992-08-01,brent,19.79285714285714
1992-09-01,brent,20.28863636363636
1992-10-01,brent,20.31136363636364
1992-11-01,brent,19.19619047619048
1992-12-01,brent,18.27260869565217
1993-01-01,brent,17.50714285714286
1993-02-01,brent,18.4455
1993-03-01,brent,18.84260869565217
1993-04-01,brent,18.78272727272727
1993-05-01,brent,18.57809523809524
1993-06-01,brent,17.63409090909091
1993-07-01,brent,16.80863636363636
1993-08-01,brent,16.83681818181818
1993-09-01,brent,16.13954545454545
1993-10-01,brent,16.64238095238095
1993-11-01,brent,15.24
1993-12-01,brent,13.5595652173913
1994-01-01,brent,14.27380952380952
1994-02-01,brent,13.7695
1994-03-01,brent,13.77
1994-04-01,brent,15.09380952380952
1994-05-01,brent,16.42090909090909
1994-06-01,brent,17.10545454545455
1994-07-01,brent,18.1247619047619
1994-08-01,brent,16.91260869565217
1994-09-01,brent,16.03863636363636
1994-10-01,brent,16.55095238095238
1994-11-01,brent,17.41409090909091
1994-12-01,brent,16.04136363636364
1995-01-01,brent,16.65409090909091
1995-02-01,brent,17.271
1995-03-01,brent,17.23652173913043
1995-04-01,brent,18.824
1995-05-01,brent,18.67782608695652
1995-06-01,brent,17.35318181818182
1995-07-01,brent,16.08095238095238
1995-08-01,brent,16.25521739130435
1995-09-01,brent,16.69190476190476
1995-10-01,brent,16.19363636363636
1995-11-01,brent,16.91045454545455
1995-12-01,brent,18.23619047619048
1996-01-01,brent,18.13521739130435
1996-02-01,brent,17.84619047619048
1996-03-01,brent,19.80952380952381
1996-04-01,brent,21.20045454545455
1996-05-01,brent,19.31913043478261
1996-06-01,brent,18.5775
1996-07-01,brent,19.71478260869565
1996-08-01,brent,20.60590909090909
1996-09-01,brent,23.08142857142857
1996-10-01,brent,24.27347826086957
1996-11-01,brent,23.10238095238095
1996-12-01,brent,24.03636363636364
1997-01-01,brent,23.60565217391304
1997-02-01,brent,20.9205
1997-03-01,brent,19.55952380952381
1997-04-01,brent,17.77545454545455
1997-05-01,brent,19.24545454545455
1997-06-01,brent,17.80380952380952
1997-07-01,brent,18.55652173913043
1997-08-01,brent,18.81571428571429
1997-09-01,brent,18.58181818181818
1997-10-01,brent,20.13260869565217
1997-11-01,brent,19.309
1997-12-01,brent,17.41782608695652
1998-01-01,brent,15.51045454545455
1998-02-01,brent,14.366
1998-03-01,brent,13.46
1998-04-01,brent,13.80909090909091
1998-05-01,brent,14.50857142857143
1998-06-01,brent,13.05954545454545
1998-07-01,brent,12.52347826086957
1998-08-01,brent,12.15285714285714
1998-09-01,brent,13.62636363636364
1998-10-01,brent,12.89636363636364
1998-11-01,brent,11.44190476190476
1998-12-01,brent,10.16
1999-01-01,brent,11.18666666666667
1999-02-01,brent,10.4295
1999-03-01,brent,12.88521739130435
1999-04-01,brent,15.50090909090909
1999-05-01,brent,15.67
1999-06-01,brent,16.13181818181818
1999-07-01,brent,19.03227272727273
1999-08-01,brent,20.59772727272727
1999-09-01,brent,23.14954545454545
1999-10-01,brent,22.17857142857143
1999-11-01,brent,24.83727272727273
1999-12-01,brent,25.69913043478261
2000-01-01,brent,25.63333333333333
2000-02-01,brent,28.03047619047619
2000-03-01,brent,27.49434782608696
2000-04-01,brent,23.1535
2000-05-01,brent,27.80521739130435
2000-06-01,brent,30.48318181818182
2000-07-01,brent,28.89428571428571
2000-08-01,brent,31.62913043478261
2000-09-01,brent,33.36047619047619
2000-10-01,brent,31.30272727272727
2000-11-01,brent,32.88090909090909
2000-12-01,brent,25.47571428571429
2001-01-01,brent,25.79
2001-02-01,brent,27.8965
2001-03-01,brent,25.03454545454545
2001-04-01,brent,26.01809523809524
2001-05-01,brent,28.43826086956522
2001-06-01,brent,28.00380952380952
2001-07-01,brent,24.99136363636364
2001-08-01,brent,25.73608695652174
2001-09-01,brent,25.837
2001-10-01,brent,21.03260869565217
2001-11-01,brent,19.10545454545455
2001-12-01,brent,18.68142857142857
2002-01-01,brent,20.03304347826087
2002-02-01,brent,20.545
2002-03-01,brent,24.00095238095238
2002-04-01,brent,25.94545454545455
2002-05-01,brent,25.5495652173913
2002-06-01,brent,24.368
2002-07-01,brent,25.85782608695652
2002-08-01,brent,26.62
2002-09-01,brent,28.37095238095238
2002-10-01,brent,27.52260869565217
2002-11-01,brent,24.25047619047619
2002-12-01,brent,28.31727272727273
2003-01-01,brent,30.80869565217391
2003-02-01,brent,32.6625
2003-03-01,brent,30.16809523809524
2003-04-01,brent,25.035
2003-05-01,brent,25.71454545454545
2003-06-01,brent,27.56666666666667
2003-07-01,brent,28.50391304347826
2003-08-01,brent,29.71809523809524
2003-09-01,brent,27.04409090909091
2003-10-01,brent,29.43565217391304
2003-11-01,brent,28.9485
2003-12-01,brent,29.74347826086957
2004-01-01,brent,30.98181818181818
2004-02-01,brent,30.795
2004-03-01,brent,33.42434782608696
2004-04-01,brent,33.35772727272727
2004-05-01,brent,37.58904761904762
2004-06-01,brent,35.43772727272727
2004-07-01,brent,38.22681818181818
2004-08-01,brent,42.22409090909091
2004-09-01,brent,43.31590909090909
2004-10-01,brent,49.73619047619048
2004-11-01,brent,43.74863636363636
2004-12-01,brent,39.96565217391304
2005-01-01,brent,44.1747619047619
2005-02-01,brent,45.721
2005-03-01,brent,53.22913043478261
2005-04-01,brent,52.60428571428571
2005-05-01,brent,49.28545454545455
2005-06-01,brent,54.83909090909091
2005-07-01,brent,57.62571428571429
2005-08-01,brent,63.9504347826087
2005-09-01,brent,63.26136363636364
2005-10-01,brent,58.90857142857143
2005-11-01,brent,55.44954545454545
2005-12-01,brent,57.15681818181818
2006-01-01,brent,63.31181818181818
2006-02-01,brent,60.8055
2006-03-01,brent,62.74695652173913
2006-04-01,brent,70.34
2006-05-01,brent,70.51
2006-06-01,brent,69.23272727272727
2006-07-01,brent,74.04095238095238
2006-08-01,brent,73.5004347826087
2006-09-01,brent,62.52714285714286
2006-10-01,brent,58.75818181818182
2006-11-01,brent,59.22272727272727
2006-12-01,brent,62.26047619047619
2007-01-01,brent,54.50304347826087
2007-02-01,brent,57.9695
2007-03-01,brent,62.35727272727273
2007-04-01,brent,67.69047619047619
2007-05-01,brent,67.71782608695652
2007-06-01,brent,70.61904761904762
2007-07-01,brent,76.13318181818182
2007-08-01,brent,71.31304347826087
2007-09-01,brent,76.772
2007-10-01,brent,82.50739130434783
2007-11-01,brent,92.73136363636364
2007-12-01,brent,91.5195238095238
2008-01-01,brent,92.09173913043476
2008-02-01,brent,94.72238095238096
2008-03-01,brent,103.1619047619048
2008-04-01,brent,110.0331818181818
2008-05-01,brent,123.8622727272727
2008-06-01,brent,132.7604761904762
2008-07-01,brent,133.5852173913043
2008-08-01,brent,113.8004761904762
2008-09-01,brent,98.75545454545455
2008-10-01,brent,71.96347826086956
2008-11-01,brent,52.7135
2008-12-01,brent,40.51173913043478
2009-01-01,brent,43.17454545454545
2009-02-01,brent,42.9105
2009-03-01,brent,46.58272727272727
2009-04-01,brent,50.51909090909091
2009-05-01,brent,57.50142857142857
2009-06-01,brent,68.58
2009-07-01,brent,64.90434782608696
2009-08-01,brent,72.59190476190476
2009-09-01,brent,67.51318181818182
2009-10-01,brent,72.96863636363636
2009-11-01,brent,76.93666666666667
2009-12-01,brent,74.7895652173913
2010-01-01,brent,76.60238095238095
2010-02-01,brent,73.903
2010-03-01,brent,79.51913043478261
2010-04-01,brent,85.15636363636364
2010-05-01,brent,76.13238095238096
2010-06-01,brent,75.24636363636364
2010-07-01,brent,75.195
2010-08-01,brent,76.89181818181818
2010-09-01,brent,77.93818181818182
2010-10-01,brent,83.33857142857143
2010-11-01,brent,85.80090909090909
2010-12-01,brent,91.96
2011-01-01,brent,96.95238095238096
2011-02-01,brent,104.2385
2011-03-01,brent,114.9173913043478
2011-04-01,brent,123.3257142857143
2011-05-01,brent,114.9295454545455
2011-06-01,brent,114.37045454545452
2011-07-01,brent,117.48333333333332
2011-08-01,brent,110.3547826086957
2011-09-01,brent,111.96272727272732
2011-10-01,brent,110.4295238095238
2011-11-01,brent,111.1586363636364
2011-12-01,brent,108.3477272727273
2012-01-01,brent,111.415
2012-02-01,brent,119.1657142857143
2012-03-01,brent,124.7031818181818
2012-04-01,brent,120.47
2012-05-01,brent,110.8221739130435
2012-06-01,brent,95.88904761904762
2012-07-01,brent,102.9795454545455
2012-08-01,brent,113.78043478260868
2012-09-01,brent,113.6415
2012-10-01,brent,111.7926086956522
2012-11-01,brent,109.9118181818182
2012-12-01,brent,109.5690476190476
2013-01-01,brent,112.52782608695648
2013-02-01,brent,116.488
2013-03-01,brent,109.5857142857143
2013-04-01,brent,102.96
2013-05-01,brent,102.9804347826087
2013-06-01,brent,103.3585
2013-07-01,brent,107.77956521739128
2013-08-01,brent,111.0581818181818
2013-09-01,brent,111.9628571428571
2013-10-01,brent,109.6186956521739
2013-11-01,brent,108.1504761904762
2013-12-01,brent,111.0704545454545
2014-01-01,brent,107.9269565217391
2014-02-01,brent,108.838
2014-03-01,brent,107.8680952380952
2014-04-01,brent,108.0036363636364
2014-05-01,brent,109.8322727272727
2014-06-01,brent,112.2409523809524
2014-07-01,brent,107.4626086956522
2014-08-01,brent,102.4019047619048
2014-09-01,brent,97.85272727272728
2014-10-01,brent,87.58478260869565
2014-11-01,brent,79.2295
2014-12-01,brent,62.90391304347826
2015-01-01,brent,48.93318181818182
2015-02-01,brent,58.254
2015-03-01,brent,56.52454545454545
2015-04-01,brent,59.82636363636364
2015-05-01,brent,65.19380952380952
2015-06-01,brent,62.62
2015-07-01,brent,56.8295652173913
2015-08-01,brent,47.53380952380952
2015-09-01,brent,48.03045454545455
2015-10-01,brent,48.90636363636364
2015-11-01,brent,45.0952380952381
2015-12-01,brent,38.52521739130435
2016-01-01,brent,32.0452380952381
2016-02-01,brent,33.76238095238095
2016-03-01,brent,39.79217391304348
2016-04-01,brent,43.33047619047619
2016-05-01,brent,47.735
2016-06-01,brent,49.87727272727273
2016-07-01,brent,46.59857142857143
2016-08-01,brent,47.05217391304348
2016-09-01,brent,47.37681818181818
2016-10-01,brent,51.41380952380952
2016-11-01,brent,46.94227272727273
2016-12-01,brent,55.02272727272727
2017-01-01,brent,55.71090909090909
2017-02-01,brent,56.096
2017-03-01,brent,52.65521739130435
2017-04-01,brent,53.978
2017-05-01,brent,51.37434782608696
2017-06-01,brent,47.65272727272727
2017-07-01,brent,49.25333333333333
2017-08-01,brent,51.92782608695652
2017-09-01,brent,55.55761904761905
2017-10-01,brent,57.53636363636364
2017-11-01,brent,62.83636363636364
2017-12-01,brent,64.06428571428572
2018-01-01,brent,68.88913043478261
2018-02-01,brent,65.6965
2018-03-01,brent,66.89181818181818
2018-04-01,brent,71.93285714285715
2018-05-01,brent,76.93434782608696
2018-06-01,brent,75.80285714285714
2018-07-01,brent,75.22909090909091
2018-08-01,brent,73.85130434782609
2018-09-01,brent,79.163
2018-10-01,brent,80.78347826086957
2018-11-01,brent,66.22863636363635
2018-12-01,brent,57.94809523809524
2019-01-01,brent,59.94478260869565
2019-02-01,brent,64.384
2019-03-01,brent,66.94190476190477
2019-04-01,brent,71.47590909090908
2019-05-01,brent,70.38913043478261
2019-06-01,brent,63.2085
2019-07-01,brent,64.32217391304349
2019-08-01,brent,59.61818181818182
2019-09-01,brent,62.43095238095238
2019-10-01,brent,59.63130434782609
2019-11-01,brent,62.68666666666667
2019-12-01,brent,65.34818181818181
2020-01-01,brent,63.89869565217391
2020-02-01,brent,55.691
2020-03-01,brent,33.94727272727273
2020-04-01,brent,26.84863636363636
2020-05-01,brent,32.42238095238095
2020-06-01,brent,40.86045454545455
2020-07-01,brent,43.29565217391304
2020-08-01,brent,45.08142857142857
2020-09-01,brent,41.92681818181818
2020-10-01,brent,41.60681818181818
2020-11-01,brent,44.05
2020-12-01,brent,50.37695652173913
2021-01-01,brent,55.2247619047619
2021-02-01,brent,62.3625
2021-03-01,brent,65.79608695652173
2021-04-01,brent,65.53181818181818
2021-05-01,brent,68.3752380952381
2021-06-01,brent,73.51272727272728
2021-07-01,brent,74.40318181818182
2021-08-01,brent,70.58818181818182
2021-09-01,brent,74.74954545454545
2021-10-01,brent,83.8652380952381
2021-11-01,brent,80.89045454545455
2021-12-01,brent,74.67826086956522
2022-01-01,brent,85.62238095238095
2022-02-01,brent,94.267
2022-03-01,brent,112.44
2022-04-01,brent,106.1557142857143
2022-05-01,brent,112.1136363636364
2022-06-01,brent,117.6927272727273
2022-07-01,brent,105.2528571428571
2022-08-01,brent,97.64304347826088
2022-09-01,brent,90.60818181818182
2022-10-01,brent,93.71857142857144
2022-11-01,brent,90.93863636363636
2022-12-01,brent,81.50318181818182
2023-01-01,brent,84.08181818181818
2023-02-01,brent,83.6325
2023-03-01,brent,79.25652173913043
2023-04-01,brent,83.536
2023-05-01,brent,75.74739130434783
2023-06-01,brent,74.975
2023-07-01,brent,80.10904761904762
2023-08-01,brent,85.16826086956522
2023-09-01,brent,92.67333333333332
2023-10-01,brent,88.94772727272726
2023-11-01,brent,82.18636363636364
2023-12-01,brent,77.54095238095238
2024-01-01,brent,79.11
2024-02-01,brent,81.7957142857143
2024-03-01,brent,84.96142857142857
2024-04-01,brent,88.97454545454545
2024-05-01,brent,83.05391304347826
2024-06-01,brent,82.9175
2024-07-01,brent,84.0486956521739
2024-08-01,brent,79.01863636363636
2024-09-01,brent,73.05761904761906
2024-10-01,brent,75.26652173913043
2024-11-01,brent,73.50857142857143
2024-12-01,brent,73.22772727272726
2025-01-01,brent,78.19391304347826
2025-02-01,brent,75.193
2025-03-01,brent,71.74142857142857
2025-04-01,brent,66.92727272727274
2025-05-01,brent,64.09272727272727
2025-06-01,brent,69.84666666666666
2025-07-01,brent,69.56478260869565
2025-08-01,brent,67.24428571428571
2025-09-01,brent,67.60909090909091
2025-10-01,brent,63.98130434782609
2025-11-01,brent,63.6935
2025-12-01,brent,61.81090909090909
2026-01-01,brent,64.59409090909091
2026-02-01,brent,69.4095
2026-03-01,brent,99.405
2026-04-01,brent,102.8136363636364
2026-05-01,brent,103.842380952381
2026-06-01,brent,84.48772727272727
2026-07-01,brent,83.73409090909091
1994-03-01,diesel,1.1065
1994-04-01,diesel,1.107
1994-05-01,diesel,1.1002
1994-06-01,diesel,1.1025
1994-07-01,diesel,1.11025
1994-08-01,diesel,1.1232000000000002
1994-09-01,diesel,1.125
1994-10-01,diesel,1.1218
1994-11-01,diesel,1.131
1994-12-01,diesel,1.113
1995-01-01,diesel,1.0982
1995-02-01,diesel,1.08775
1995-03-01,diesel,1.0875
1995-04-01,diesel,1.104
1995-05-01,diesel,1.125
1995-06-01,diesel,1.1187500000000001
1995-07-01,diesel,1.0998
1995-08-01,diesel,1.105
1995-09-01,diesel,1.11925
1995-10-01,diesel,1.115
1995-11-01,diesel,1.11975
1995-12-01,diesel,1.1295
1996-01-01,diesel,1.1451999999999998
1996-02-01,diesel,1.14475
1996-03-01,diesel,1.1825
1996-04-01,diesel,1.2730000000000001
1996-05-01,diesel,1.27625
1996-06-01,diesel,1.20675
1996-07-01,diesel,1.177
1996-08-01,diesel,1.20075
1996-09-01,diesel,1.2646000000000002
1996-10-01,diesel,1.323
1996-11-01,diesel,1.3225
1996-12-01,diesel,1.309
1997-01-01,diesel,1.29075
1997-02-01,diesel,1.28
1997-03-01,diesel,1.2294
1997-04-01,diesel,1.21225
1997-05-01,diesel,1.19575
1997-06-01,diesel,1.1728
1997-07-01,diesel,1.15075
1997-08-01,diesel,1.16475
1997-09-01,diesel,1.1596
1997-10-01,diesel,1.1825
1997-11-01,diesel,1.1915
1997-12-01,diesel,1.166
1998-01-01,diesel,1.1195
1998-02-01,diesel,1.08425
1998-03-01,diesel,1.0628
1998-04-01,diesel,1.0667499999999999
1998-05-01,diesel,1.069
1998-06-01,diesel,1.041
1998-07-01,diesel,1.0285
1998-08-01,diesel,1.0074
1998-09-01,diesel,1.0242499999999999
1998-10-01,diesel,1.0385
1998-11-01,diesel,1.0222
1998-12-01,diesel,0.973
1999-01-01,diesel,0.9664999999999999
1999-02-01,diesel,0.959
1999-03-01,diesel,0.9968
1999-04-01,diesel,1.07925
1999-05-01,diesel,1.0734
1999-06-01,diesel,1.074
1999-07-01,diesel,1.1215000000000002
1999-08-01,diesel,1.172
1999-09-01,diesel,1.21475
1999-10-01,diesel,1.228
1999-11-01,diesel,1.2634
1999-12-01,diesel,1.29175
2000-01-01,diesel,1.3559999999999999
2000-02-01,diesel,1.46075
2000-03-01,diesel,1.479
2000-04-01,diesel,1.4217499999999998
2000-05-01,diesel,1.4196
2000-06-01,diesel,1.4212500000000001
2000-07-01,diesel,1.4338000000000002
2000-08-01,diesel,1.466
2000-09-01,diesel,1.637
2000-10-01,diesel,1.6372
2000-11-01,diesel,1.62125
2000-12-01,diesel,1.56475
2001-01-01,diesel,1.5236
2001-02-01,diesel,1.49225
2001-03-01,diesel,1.3992499999999999
2001-04-01,diesel,1.4220000000000002
2001-05-01,diesel,1.496
2001-06-01,diesel,1.48175
2001-07-01,diesel,1.3748
2001-08-01,diesel,1.3895
2001-09-01,diesel,1.495
2001-10-01,diesel,1.3484
2001-11-01,diesel,1.25875
2001-12-01,diesel,1.1666
2002-01-01,diesel,1.15275
2002-02-01,diesel,1.1517499999999998
2002-03-01,diesel,1.2302499999999998
2002-04-01,diesel,1.3088000000000002
2002-05-01,diesel,1.30525
2002-06-01,diesel,1.2854999999999999
2002-07-01,diesel,1.2993999999999999
2002-08-01,diesel,1.3275000000000001
2002-09-01,diesel,1.4106
2002-10-01,diesel,1.4615
2002-11-01,diesel,1.41975
2002-12-01,diesel,1.4288
2003-01-01,diesel,1.48775
2003-02-01,diesel,1.65425
2003-03-01,diesel,1.7079999999999997
2003-04-01,diesel,1.5325
2003-05-01,diesel,1.45125
2003-06-01,diesel,1.424
2003-07-01,diesel,1.435
2003-08-01,diesel,1.4865
2003-09-01,diesel,1.4666000000000001
2003-10-01,diesel,1.4812500000000002
2003-11-01,diesel,1.48225
2003-12-01,diesel,1.4898
2004-01-01,diesel,1.551
2004-02-01,diesel,1.582
2004-03-01,diesel,1.6294
2004-04-01,diesel,1.69225
2004-05-01,diesel,1.7464
2004-06-01,diesel,1.71125
2004-07-01,diesel,1.7385
2004-08-01,diesel,1.8328
2004-09-01,diesel,1.91675
2004-10-01,diesel,2.13425
2004-11-01,diesel,2.1466000000000003
2004-12-01,diesel,2.00925
2005-01-01,diesel,1.9588
2005-02-01,diesel,2.02675
2005-03-01,diesel,2.21375
2005-04-01,diesel,2.29175
2005-05-01,diesel,2.1988
2005-06-01,diesel,2.2897499999999997
2005-07-01,diesel,2.3725
2005-08-01,diesel,2.5
2005-09-01,diesel,2.81875
2005-10-01,diesel,3.0949999999999998
2005-11-01,diesel,2.573
2005-12-01,diesel,2.44275
2006-01-01,diesel,2.4674
2006-02-01,diesel,2.47525
2006-03-01,diesel,2.5585
2006-04-01,diesel,2.7279999999999998
2006-05-01,diesel,2.8966000000000003
2006-06-01,diesel,2.8975
2006-07-01,diesel,2.9336
2006-08-01,diesel,3.045
2006-09-01,diesel,2.7830000000000004
2006-10-01,diesel,2.5192
2006-11-01,diesel,2.5445
2006-12-01,diesel,2.6102499999999997
2007-01-01,diesel,2.4846
2007-02-01,diesel,2.48825
2007-03-01,diesel,2.667
2007-04-01,diesel,2.8338
2007-05-01,diesel,2.79625
2007-06-01,diesel,2.80775
2007-07-01,diesel,2.8684000000000003
2007-08-01,diesel,2.8689999999999998
2007-09-01,diesel,2.9532499999999997
2007-10-01,diesel,3.0746
2007-11-01,diesel,3.3955
2007-12-01,diesel,3.3406
2008-01-01,diesel,3.30775
2008-02-01,diesel,3.377
2008-03-01,diesel,3.8808
2008-04-01,diesel,4.0835
2008-05-01,diesel,4.425
2008-06-01,diesel,4.6768
2008-07-01,diesel,4.703
2008-08-01,diesel,4.30175
2008-09-01,diesel,4.024
2008-10-01,diesel,3.576
2008-11-01,diesel,2.87625
2008-12-01,diesel,2.4490000000000003
2009-01-01,diesel,2.29225
2009-02-01,diesel,2.1952499999999997
2009-03-01,diesel,2.092
2009-04-01,diesel,2.2197500000000003
2009-05-01,diesel,2.2265
2009-06-01,diesel,2.5292000000000003
2009-07-01,diesel,2.54
2009-08-01,diesel,2.6338
2009-09-01,diesel,2.626
2009-10-01,diesel,2.672
2009-11-01,diesel,2.7922000000000002
2009-12-01,diesel,2.7445
2010-01-01,diesel,2.8447500000000003
2010-02-01,diesel,2.7845
2010-03-01,diesel,2.9148
2010-04-01,diesel,3.059
2010-05-01,diesel,3.0688
2010-06-01,diesel,2.94775
2010-07-01,diesel,2.91125
2010-08-01,diesel,2.9585999999999997
2010-09-01,diesel,2.94625
2010-10-01,diesel,3.0515
2010-11-01,diesel,3.1399999999999997
2010-12-01,diesel,3.2425
2011-01-01,diesel,3.3878
2011-02-01,diesel,3.584
2011-03-01,diesel,3.9045
2011-04-01,diesel,4.06425
2011-05-01,diesel,4.046799999999999
2011-06-01,diesel,3.933
2011-07-01,diesel,3.90525
2011-08-01,diesel,3.8598
2011-09-01,diesel,3.83725
2011-10-01,diesel,3.7976
2011-11-01,diesel,3.962
2011-12-01,diesel,3.8609999999999998
2012-01-01,diesel,3.8326000000000002
2012-02-01,diesel,3.9525
2012-03-01,diesel,4.1265
2012-04-01,diesel,4.115
2012-05-01,diesel,3.9785
2012-06-01,diesel,3.7585
2012-07-01,diesel,3.721
2012-08-01,diesel,3.9825
2012-09-01,diesel,4.12
2012-10-01,diesel,4.0938
2012-11-01,diesel,4.0
2012-12-01,diesel,3.9608000000000003
2013-01-01,diesel,3.9085
2013-02-01,diesel,4.1105
2013-03-01,diesel,4.06775
2013-04-01,diesel,3.9299999999999997
2013-05-01,diesel,3.87025
2013-06-01,diesel,3.84925
2013-07-01,diesel,3.8659999999999997
2013-08-01,diesel,3.9044999999999996
2013-09-01,diesel,3.9608
2013-10-01,diesel,3.88475
2013-11-01,diesel,3.83875
2013-12-01,diesel,3.8817999999999997
2014-01-01,diesel,3.89325
2014-02-01,diesel,3.9835000000000003
2014-03-01,diesel,4.0006
2014-04-01,diesel,3.96425
2014-05-01,diesel,3.94275
2014-06-01,diesel,3.9061999999999997
2014-07-01,diesel,3.8835
2014-08-01,diesel,3.838
2014-09-01,diesel,3.7923999999999998
2014-10-01,diesel,3.6805
2014-11-01,diesel,3.64725
2014-12-01,diesel,3.4106
2015-01-01,diesel,2.99725
2015-02-01,diesel,2.8577500000000002
2015-03-01,diesel,2.897
2015-04-01,diesel,2.78225
2015-05-01,diesel,2.8875
2015-06-01,diesel,2.873
2015-07-01,diesel,2.78775
2015-08-01,diesel,2.5949999999999998
2015-09-01,diesel,2.505
2015-10-01,diesel,2.51925
2015-11-01,diesel,2.4669999999999996
2015-12-01,diesel,2.3095
2016-01-01,diesel,2.14275
2016-02-01,diesel,1.9982
2016-03-01,diesel,2.09
2016-04-01,diesel,2.1515
2016-05-01,diesel,2.3146
2016-06-01,diesel,2.4225000000000003
2016-07-01,diesel,2.4045
2016-08-01,diesel,2.3506
2016-09-01,diesel,2.39425
2016-10-01,diesel,2.4544
2016-11-01,diesel,2.4385
2016-12-01,diesel,2.51
2017-01-01,diesel,2.5797999999999996
2017-02-01,diesel,2.568
2017-03-01,diesel,2.5535
2017-04-01,diesel,2.5825
2017-05-01,diesel,2.5604
2017-06-01,diesel,2.5105
2017-07-01,diesel,2.4964
2017-08-01,diesel,2.5949999999999998
2017-09-01,diesel,2.78475
2017-10-01,diesel,2.7942
2017-11-01,diesel,2.90875
2017-12-01,diesel,2.909
2018-01-01,diesel,3.0183999999999997
2018-02-01,diesel,3.04575
2018-03-01,diesel,2.9875
2018-04-01,diesel,3.0957999999999997
2018-05-01,diesel,3.24375
2018-06-01,diesel,3.2527500000000003
2018-07-01,diesel,3.2328
2018-08-01,diesel,3.21825
2018-09-01,diesel,3.26225
2018-10-01,diesel,3.3653999999999997
2018-11-01,diesel,3.2995
2018-12-01,diesel,3.1228000000000002
2019-01-01,diesel,2.97975
2019-02-01,diesel,2.9965
2019-03-01,diesel,3.07625
2019-04-01,diesel,3.121
2019-05-01,diesel,3.16125
2019-06-01,diesel,3.0885
2019-07-01,diesel,3.0452
2019-08-01,diesel,3.005
2019-09-01,diesel,3.0162
2019-10-01,diesel,3.053
2019-11-01,diesel,3.0687499999999996
2019-12-01,diesel,3.0549999999999997
2020-01-01,diesel,3.0475
2020-02-01,diesel,2.9095
2020-03-01,diesel,2.7286
2020-04-01,diesel,2.493
2020-05-01,diesel,2.39225
2020-06-01,diesel,2.408
2020-07-01,diesel,2.43375
2020-08-01,diesel,2.4292000000000002
2020-09-01,diesel,2.4137500000000003
2020-10-01,diesel,2.38875
2020-11-01,diesel,2.432
2020-12-01,diesel,2.58475
2021-01-01,diesel,2.6805000000000003
2021-02-01,diesel,2.847
2021-03-01,diesel,3.1521999999999997
2021-04-01,diesel,3.13025
2021-05-01,diesel,3.217
2021-06-01,diesel,3.28675
2021-07-01,diesel,3.33875
2021-08-01,diesel,3.35
2021-09-01,diesel,3.384
2021-10-01,diesel,3.61175
2021-11-01,diesel,3.7270000000000003
2021-12-01,diesel,3.641
2022-01-01,diesel,3.7241999999999997
2022-02-01,diesel,4.03225
2022-03-01,diesel,5.1045
2022-04-01,diesel,5.1195
2022-05-01,diesel,5.571
2022-06-01,diesel,5.7535
2022-07-01,diesel,5.4857499999999995
2022-08-01,diesel,5.013199999999999
2022-09-01,diesel,4.9925
2022-10-01,diesel,5.2114
2022-11-01,diesel,5.255
2022-12-01,diesel,4.7135
2023-01-01,diesel,4.5764000000000005
2023-02-01,diesel,4.41325
2023-03-01,diesel,4.2105
2023-04-01,diesel,4.099
2023-05-01,diesel,3.915
2023-06-01,diesel,3.80175
2023-07-01,diesel,3.8822
2023-08-01,diesel,4.37025
2023-09-01,diesel,4.56275
2023-10-01,diesel,4.5068
2023-11-01,diesel,4.25375
2023-12-01,diesel,3.97175
2024-01-01,diesel,3.8543999999999996
2024-02-01,diesel,4.04375
2024-03-01,diesel,4.022
2024-04-01,diesel,4.0022
2024-05-01,diesel,3.82225
2024-06-01,diesel,3.722
2024-07-01,diesel,3.8102000000000005
2024-08-01,diesel,3.6995
2024-09-01,diesel,3.5578000000000003
2024-10-01,diesel,3.58525
2024-11-01,diesel,3.52175
2024-12-01,diesel,3.4942
2025-01-01,diesel,3.6342499999999998
2025-02-01,diesel,3.67475
2025-03-01,diesel,3.585
2025-04-01,diesel,3.5665
2025-05-01,diesel,3.499
2025-06-01,diesel,3.599
2025-07-01,diesel,3.7785
2025-08-01,diesel,3.74375
2025-09-01,diesel,3.7484
2025-10-01,diesel,3.6785
2025-11-01,diesel,3.82225
2025-12-01,diesel,3.6148000000000002
2026-01-01,diesel,3.5225
2026-02-01,diesel,3.72225
2026-03-01,diesel,4.9206
2026-04-01,diesel,5.50125
2026-05-01,diesel,5.5995
2026-06-01,diesel,5.0238
2026-07-01,diesel,4.95525
2026-08-01,diesel,5.462
2026-09-01,diesel,6.260333333333333
1992-01-01,gaz_ue,2.37999979654948
1992-02-01,gaz_ue,2.37999979654948
1992-03-01,gaz_ue,2.37999979654948
1992-04-01,gaz_ue,2.33999972873264
1992-05-01,gaz_ue,2.33999972873264
1992-06-01,gaz_ue,2.33999972873264
1992-07-01,gaz_ue,2.39000023735894
1992-08-01,gaz_ue,2.39000023735894
1992-09-01,gaz_ue,2.39000023735894
1992-10-01,gaz_ue,2.3500001695421
1992-11-01,gaz_ue,2.3500001695421
1992-12-01,gaz_ue,2.3500001695421
1993-01-01,gaz_ue,2.69999991522895
1993-02-01,gaz_ue,2.69999991522895
1993-03-01,gaz_ue,2.69999991522895
1993-04-01,gaz_ue,2.60999997456869
1993-05-01,gaz_ue,2.59999995761447
1993-06-01,gaz_ue,2.59999995761447
1993-07-01,gaz_ue,2.55000008477105
1993-08-01,gaz_ue,2.55000008477105
1993-09-01,gaz_ue,2.55000008477105
1993-10-01,gaz_ue,2.54000006781684
1993-11-01,gaz_ue,2.54000006781684
1993-12-01,gaz_ue,2.54000006781684
1994-01-01,gaz_ue,2.21999994913737
1994-02-01,gaz_ue,2.21999994913737
1994-03-01,gaz_ue,2.21999994913737
1994-04-01,gaz_ue,2.23999998304579
1994-05-01,gaz_ue,2.23999998304579
1994-06-01,gaz_ue,2.23999998304579
1994-07-01,gaz_ue,2.34999995761447
1994-08-01,gaz_ue,2.34999995761447
1994-09-01,gaz_ue,2.34999995761447
1994-10-01,gaz_ue,2.43999989827474
1994-11-01,gaz_ue,2.43999989827474
1994-12-01,gaz_ue,2.43999989827474
1995-01-01,gaz_ue,2.58999994066026
1995-02-01,gaz_ue,2.58999994066026
1995-03-01,gaz_ue,2.58999994066026
1995-04-01,gaz_ue,2.68999989827474
1995-05-01,gaz_ue,2.68999989827474
1995-06-01,gaz_ue,2.68999989827474
1995-07-01,gaz_ue,2.76944435967339
1995-08-01,gaz_ue,2.76944435967339
1995-09-01,gaz_ue,2.76944435967339
1995-10-01,gaz_ue,2.82499991522894
1995-11-01,gaz_ue,2.68999989827474
1995-12-01,gaz_ue,2.68999989827474
1996-01-01,gaz_ue,2.68000009324816
1996-02-01,gaz_ue,2.68000009324816
1996-03-01,gaz_ue,2.68000009324816
1996-04-01,gaz_ue,2.68999989827474
1996-05-01,gaz_ue,2.68999989827474
1996-06-01,gaz_ue,2.68999989827474
1996-07-01,gaz_ue,2.68999989827474
1996-08-01,gaz_ue,2.68999989827474
1996-09-01,gaz_ue,2.68999989827474
1996-10-01,gaz_ue,2.93999989827475
1996-11-01,gaz_ue,2.93999989827475
1996-12-01,gaz_ue,2.93999989827475
1997-01-01,gaz_ue,3.0
1997-02-01,gaz_ue,2.94444444444444
1997-03-01,gaz_ue,2.76000001695421
1997-04-01,gaz_ue,2.72999996609158
1997-05-01,gaz_ue,2.72999996609158
1997-06-01,gaz_ue,2.72999996609158
1997-07-01,gaz_ue,2.59999995761447
1997-08-01,gaz_ue,2.59999995761447
1997-09-01,gaz_ue,2.59999995761447
1997-10-01,gaz_ue,2.44999991522895
1997-11-01,gaz_ue,2.44999991522895
1997-12-01,gaz_ue,2.44999991522895
1998-01-01,gaz_ue,2.48999998304579
1998-02-01,gaz_ue,2.48999998304579
1998-03-01,gaz_ue,2.48999998304579
1998-04-01,gaz_ue,2.36999999152289
1998-05-01,gaz_ue,2.36999999152289
1998-06-01,gaz_ue,2.36999999152289
1998-07-01,gaz_ue,2.20999993218316
1998-08-01,gaz_ue,2.20999993218316
1998-09-01,gaz_ue,2.20999993218316
1998-10-01,gaz_ue,1.91000005933974
1998-11-01,gaz_ue,1.91000005933974
1998-12-01,gaz_ue,1.91000005933974
1999-01-01,gaz_ue,1.78888888888889
1999-02-01,gaz_ue,1.78888888888889
1999-03-01,gaz_ue,1.78888888888889
1999-04-01,gaz_ue,1.67
1999-05-01,gaz_ue,1.67
1999-06-01,gaz_ue,1.67
1999-07-01,gaz_ue,1.73
1999-08-01,gaz_ue,1.73
1999-09-01,gaz_ue,1.73
1999-10-01,gaz_ue,2.03888888888889
1999-11-01,gaz_ue,2.03888888888889
1999-12-01,gaz_ue,2.03888888888889
2000-01-01,gaz_ue,3.05555555555556
2000-02-01,gaz_ue,3.05555555555556
2000-03-01,gaz_ue,3.05555555555556
2000-04-01,gaz_ue,3.24
2000-05-01,gaz_ue,3.24
2000-06-01,gaz_ue,3.24
2000-07-01,gaz_ue,3.59
2000-08-01,gaz_ue,3.59
2000-09-01,gaz_ue,3.59
2000-10-01,gaz_ue,3.93
2000-11-01,gaz_ue,3.93
2000-12-01,gaz_ue,3.93
2001-01-01,gaz_ue,4.22
2001-02-01,gaz_ue,4.22
2001-03-01,gaz_ue,4.22
2001-04-01,gaz_ue,4.26
2001-05-01,gaz_ue,4.26
2001-06-01,gaz_ue,4.26
2001-07-01,gaz_ue,3.78
2001-08-01,gaz_ue,3.78
2001-09-01,gaz_ue,3.78
2001-10-01,gaz_ue,3.24
2001-11-01,gaz_ue,3.24
2001-12-01,gaz_ue,3.21857142857142
2002-01-01,gaz_ue,2.79
2002-02-01,gaz_ue,2.79
2002-03-01,gaz_ue,2.79
2002-04-01,gaz_ue,2.56
2002-05-01,gaz_ue,2.56
2002-06-01,gaz_ue,2.56
2002-07-01,gaz_ue,2.52
2002-08-01,gaz_ue,2.52
2002-09-01,gaz_ue,2.53238095238095
2002-10-01,gaz_ue,2.78
2002-11-01,gaz_ue,2.78
2002-12-01,gaz_ue,2.81363636363636
2003-01-01,gaz_ue,3.15
2003-02-01,gaz_ue,3.15
2003-03-01,gaz_ue,3.17037037037036
2003-04-01,gaz_ue,3.57777777777778
2003-05-01,gaz_ue,3.57777777777778
2003-06-01,gaz_ue,3.58
2003-07-01,gaz_ue,3.61
2003-08-01,gaz_ue,3.61
2003-09-01,gaz_ue,3.61
2003-10-01,gaz_ue,3.6
2003-11-01,gaz_ue,3.6
2003-12-01,gaz_ue,3.6
2004-01-01,gaz_ue,3.39
2004-02-01,gaz_ue,3.39
2004-03-01,gaz_ue,3.39
2004-04-01,gaz_ue,3.48
2004-05-01,gaz_ue,3.48
2004-06-01,gaz_ue,3.48
2004-07-01,gaz_ue,3.81
2004-08-01,gaz_ue,3.81
2004-09-01,gaz_ue,3.81
2004-10-01,gaz_ue,4.34
2004-11-01,gaz_ue,4.34
2004-12-01,gaz_ue,4.34
2005-01-01,gaz_ue,5.06
2005-02-01,gaz_ue,5.06
2005-03-01,gaz_ue,5.06
2005-04-01,gaz_ue,5.51
2005-05-01,gaz_ue,5.51
2005-06-01,gaz_ue,5.51
2005-07-01,gaz_ue,6.13
2005-08-01,gaz_ue,6.13
2005-09-01,gaz_ue,6.13
2005-10-01,gaz_ue,6.96
2005-11-01,gaz_ue,6.96
2005-12-01,gaz_ue,6.96
2006-01-01,gaz_ue,7.66
2006-02-01,gaz_ue,7.66
2006-03-01,gaz_ue,7.66
2006-04-01,gaz_ue,8.14
2006-05-01,gaz_ue,8.14
2006-06-01,gaz_ue,8.14
2006-07-01,gaz_ue,8.4
2006-08-01,gaz_ue,8.4
2006-09-01,gaz_ue,8.4
2006-10-01,gaz_ue,8.65
2006-11-01,gaz_ue,8.65
2006-12-01,gaz_ue,8.65
2007-01-01,gaz_ue,8.39
2007-02-01,gaz_ue,8.39
2007-03-01,gaz_ue,8.39
2007-04-01,gaz_ue,7.83
2007-05-01,gaz_ue,7.83
2007-06-01,gaz_ue,7.83
2007-07-01,gaz_ue,7.79
2007-08-01,gaz_ue,7.79
2007-09-01,gaz_ue,7.79
2007-10-01,gaz_ue,8.56
2007-11-01,gaz_ue,8.56
2007-12-01,gaz_ue,8.56
2008-01-01,gaz_ue,10.27
2008-02-01,gaz_ue,10.27
2008-03-01,gaz_ue,10.27
2008-04-01,gaz_ue,11.9
2008-05-01,gaz_ue,11.9
2008-06-01,gaz_ue,11.9
2008-07-01,gaz_ue,14.36
2008-08-01,gaz_ue,14.36
2008-09-01,gaz_ue,14.36
2008-10-01,gaz_ue,16.02
2008-11-01,gaz_ue,16.02
2008-12-01,gaz_ue,16.02
2009-01-01,gaz_ue,16.02
2009-02-01,gaz_ue,14.47
2009-03-01,gaz_ue,11.47
2009-04-01,gaz_ue,8.6
2009-05-01,gaz_ue,8.6
2009-06-01,gaz_ue,8.6
2009-07-01,gaz_ue,6.79
2009-08-01,gaz_ue,6.18
2009-09-01,gaz_ue,6.18
2009-10-01,gaz_ue,6.45
2009-11-01,gaz_ue,6.45
2009-12-01,gaz_ue,6.45
2010-01-01,gaz_ue,7.59
2010-02-01,gaz_ue,7.59
2010-03-01,gaz_ue,7.59
2010-04-01,gaz_ue,8.35
2010-05-01,gaz_ue,7.87
2010-06-01,gaz_ue,8.06
2010-07-01,gaz_ue,8.48
2010-08-01,gaz_ue,8.57
2010-09-01,gaz_ue,8.49
2010-10-01,gaz_ue,8.64
2010-11-01,gaz_ue,8.71
2010-12-01,gaz_ue,8.73
2011-01-01,gaz_ue,9.19
2011-02-01,gaz_ue,9.14
2011-03-01,gaz_ue,9.12
2011-04-01,gaz_ue,10.03
2011-05-01,gaz_ue,10.02
2011-06-01,gaz_ue,10.0
2011-07-01,gaz_ue,11.2
2011-08-01,gaz_ue,11.11
2011-09-01,gaz_ue,11.11
2011-10-01,gaz_ue,12.11
2011-11-01,gaz_ue,12.02
2011-12-01,gaz_ue,12.11
2012-01-01,gaz_ue,12.33
2012-02-01,gaz_ue,12.22
2012-03-01,gaz_ue,12.51
2012-04-01,gaz_ue,12.57
2012-05-01,gaz_ue,12.57
2012-06-01,gaz_ue,12.56
2012-07-01,gaz_ue,11.38
2012-08-01,gaz_ue,11.4
2012-09-01,gaz_ue,11.38
2012-10-01,gaz_ue,11.57
2012-11-01,gaz_ue,11.64
2012-12-01,gaz_ue,11.64
2013-01-01,gaz_ue,11.39
2013-02-01,gaz_ue,11.36
2013-03-01,gaz_ue,11.36
2013-04-01,gaz_ue,11.64
2013-05-01,gaz_ue,11.41
2013-06-01,gaz_ue,11.32
2013-07-01,gaz_ue,10.98
2013-08-01,gaz_ue,10.97
2013-09-01,gaz_ue,10.96
2013-10-01,gaz_ue,10.93
2013-11-01,gaz_ue,10.96
2013-12-01,gaz_ue,10.99
2014-01-01,gaz_ue,10.9
2014-02-01,gaz_ue,10.83
2014-03-01,gaz_ue,10.69
2014-04-01,gaz_ue,10.79
2014-05-01,gaz_ue,10.64
2014-06-01,gaz_ue,10.52
2014-07-01,gaz_ue,9.4
2014-08-01,gaz_ue,10.38
2014-09-01,gaz_ue,10.4
2014-10-01,gaz_ue,10.4
2014-11-01,gaz_ue,10.16
2014-12-01,gaz_ue,10.45
2015-01-01,gaz_ue,9.5
2015-02-01,gaz_ue,9.29
2015-03-01,gaz_ue,9.29
2015-04-01,gaz_ue,7.39
2015-05-01,gaz_ue,7.37
2015-06-01,gaz_ue,7.3
2015-07-01,gaz_ue,6.68
2015-08-01,gaz_ue,6.66
2015-09-01,gaz_ue,6.49
2015-10-01,gaz_ue,6.01
2015-11-01,gaz_ue,5.87
2015-12-01,gaz_ue,5.81
2016-01-01,gaz_ue,5.09
2016-02-01,gaz_ue,4.79
2016-03-01,gaz_ue,4.09
2016-04-01,gaz_ue,4.02
2016-05-01,gaz_ue,3.99
2016-06-01,gaz_ue,4.04
2016-07-01,gaz_ue,4.3
2016-08-01,gaz_ue,4.25
2016-09-01,gaz_ue,3.96
2016-10-01,gaz_ue,4.01
2016-11-01,gaz_ue,4.54
2016-12-01,gaz_ue,5.16
2017-01-01,gaz_ue,6.27813985858586
2017-02-01,gaz_ue,6.10029830555555
2017-03-01,gaz_ue,4.94502034782608
2017-04-01,gaz_ue,5.03512731388889
2017-05-01,gaz_ue,5.07717077404447
2017-06-01,gaz_ue,4.98381825297843
2017-07-01,gaz_ue,5.09602758292347
2017-08-01,gaz_ue,5.53605864288667
2017-09-01,gaz_ue,6.04060639329964
2017-10-01,gaz_ue,5.8925193535705
2017-11-01,gaz_ue,6.73403752405179
2017-12-01,gaz_ue,7.20979162558986
2018-01-01,gaz_ue,6.6483033104452
2018-02-01,gaz_ue,7.84103556202786
2018-03-01,gaz_ue,8.53636130051361
2018-04-01,gaz_ue,7.06473256709682
2018-05-01,gaz_ue,7.46086307392455
2018-06-01,gaz_ue,7.50442301005288
2018-07-01,gaz_ue,7.62106268282328
2018-08-01,gaz_ue,8.10411407925839
2018-09-01,gaz_ue,9.51888018341773
2018-10-01,gaz_ue,8.59591459921168
2018-11-01,gaz_ue,8.20449016673927
2018-12-01,gaz_ue,7.89294582141602
2019-01-01,gaz_ue,7.16106495279494
2019-02-01,gaz_ue,5.98633856004478
2019-03-01,gaz_ue,5.19718007325235
2019-04-01,gaz_ue,4.95324985018727
2019-05-01,gaz_ue,4.36018288772047
2019-06-01,gaz_ue,3.4830359995733
2019-07-01,gaz_ue,3.59594390863893
2019-08-01,gaz_ue,3.27019667685218
2019-09-01,gaz_ue,3.08680458622908
2019-10-01,gaz_ue,3.33972424571811
2019-11-01,gaz_ue,4.78101952320268
2019-12-01,gaz_ue,4.24354874414172
2020-01-01,gaz_ue,3.626269711
2020-02-01,gaz_ue,2.995477203
2020-03-01,gaz_ue,2.789823671
2020-04-01,gaz_ue,2.083882202
2020-05-01,gaz_ue,1.46261232
2020-06-01,gaz_ue,1.647299982
2020-07-01,gaz_ue,1.640862822
2020-08-01,gaz_ue,2.611565546
2020-09-01,gaz_ue,3.854995574
2020-10-01,gaz_ue,4.813821635
2020-11-01,gaz_ue,4.783507944
2020-12-01,gaz_ue,5.828639183
2021-01-01,gaz_ue,7.302820662
2021-02-01,gaz_ue,6.171340829
2021-03-01,gaz_ue,6.205197385
2021-04-01,gaz_ue,7.282723606
2021-05-01,gaz_ue,9.004704035
2021-06-01,gaz_ue,10.32413911
2021-07-01,gaz_ue,12.5242466
2021-08-01,gaz_ue,15.27902912
2021-09-01,gaz_ue,22.23282724
2021-10-01,gaz_ue,29.81414289
2021-11-01,gaz_ue,27.38382608
2021-12-01,gaz_ue,37.36336306
2022-01-01,gaz_ue,27.89094479
2022-02-01,gaz_ue,26.98428134
2022-03-01,gaz_ue,41.72768831
2022-04-01,gaz_ue,31.9898743
2022-05-01,gaz_ue,27.46416643
2022-06-01,gaz_ue,32.91260722
2022-07-01,gaz_ue,51.14591252
2022-08-01,gaz_ue,69.97723933
2022-09-01,gaz_ue,55.1791274
2022-10-01,gaz_ue,20.80663685
2022-11-01,gaz_ue,28.79080462
2022-12-01,gaz_ue,35.36873121
2023-01-01,gaz_ue,19.88618693
2023-02-01,gaz_ue,16.73725918
2023-03-01,gaz_ue,13.87044037
2023-04-01,gaz_ue,13.68398726
2023-05-01,gaz_ue,9.970048913
2023-06-01,gaz_ue,10.2937317
2023-07-01,gaz_ue,9.611719136
2023-08-01,gaz_ue,10.7174213
2023-09-01,gaz_ue,11.42793016
2023-10-01,gaz_ue,13.38884281
2023-11-01,gaz_ue,13.71431567
2023-12-01,gaz_ue,11.29629149
2024-01-01,gaz_ue,9.531191123
2024-02-01,gaz_ue,8.098181356
2024-03-01,gaz_ue,8.511035509
2024-04-01,gaz_ue,9.129581313
2024-05-01,gaz_ue,10.10962113
2024-06-01,gaz_ue,10.80662625
2024-07-01,gaz_ue,10.23979241
2024-08-01,gaz_ue,12.1938459
2024-09-01,gaz_ue,11.750812
2024-10-01,gaz_ue,12.755
2024-11-01,gaz_ue,13.811
2024-12-01,gaz_ue,13.757
2025-01-01,gaz_ue,14.75909611
2025-02-01,gaz_ue,15.37638294
2025-03-01,gaz_ue,13.15601031
2025-04-01,gaz_ue,11.57195747
2025-05-01,gaz_ue,11.62379688
2025-06-01,gaz_ue,12.30058745
2025-07-01,gaz_ue,11.47064619
2025-08-01,gaz_ue,10.97523233
2025-09-01,gaz_ue,11.003
2025-10-01,gaz_ue,10.897
2025-11-01,gaz_ue,10.355
2025-12-01,gaz_ue,9.46
2026-01-01,gaz_ue,11.987
2026-02-01,gaz_ue,11.19
2026-03-01,gaz_ue,17.67
2026-04-01,gaz_ue,15.393
2026-05-01,gaz_ue,16.153
2026-06-01,gaz_ue,15.092
2026-07-01,gaz_ue,17.93
1960-01-01,uree,42.3
1960-02-01,uree,42.3
1960-03-01,uree,42.3
1960-04-01,uree,42.3
1960-05-01,uree,42.3
1960-06-01,uree,42.3
1960-07-01,uree,42.3
1960-08-01,uree,42.3
1960-09-01,uree,42.3
1960-10-01,uree,42.3
1960-11-01,uree,42.3
1960-12-01,uree,42.3
1961-01-01,uree,42.3
1961-02-01,uree,42.3
1961-03-01,uree,42.3
1961-04-01,uree,42.3
1961-05-01,uree,42.3
1961-06-01,uree,42.3
1961-07-01,uree,42.3
1961-08-01,uree,42.3
1961-09-01,uree,42.3
1961-10-01,uree,42.3
1961-11-01,uree,42.3
1961-12-01,uree,42.3
1962-01-01,uree,42.3
1962-02-01,uree,42.3
1962-03-01,uree,42.3
1962-04-01,uree,42.3
1962-05-01,uree,42.3
1962-06-01,uree,42.3
1962-07-01,uree,42.3
1962-08-01,uree,42.3
1962-09-01,uree,42.3
1962-10-01,uree,42.3
1962-11-01,uree,42.3
1962-12-01,uree,42.3
1963-01-01,uree,42.3
1963-02-01,uree,42.3
1963-03-01,uree,42.3
1963-04-01,uree,42.3
1963-05-01,uree,42.3
1963-06-01,uree,42.3
1963-07-01,uree,42.3
1963-08-01,uree,42.3
1963-09-01,uree,42.3
1963-10-01,uree,42.3
1963-11-01,uree,42.3
1963-12-01,uree,42.3
1964-01-01,uree,60.5
1964-02-01,uree,60.5
1964-03-01,uree,60.5
1964-04-01,uree,60.5
1964-05-01,uree,60.5
1964-06-01,uree,60.5
1964-07-01,uree,60.5
1964-08-01,uree,60.5
1964-09-01,uree,60.5
1964-10-01,uree,60.5
1964-11-01,uree,60.5
1964-12-01,uree,60.5
1965-01-01,uree,65.8
1965-02-01,uree,65.8
1965-03-01,uree,65.8
1965-04-01,uree,65.8
1965-05-01,uree,65.8
1965-06-01,uree,65.8
1965-07-01,uree,65.8
1965-08-01,uree,65.8
1965-09-01,uree,65.8
1965-10-01,uree,65.8
1965-11-01,uree,65.8
1965-12-01,uree,65.8
1966-01-01,uree,59.3
1966-02-01,uree,59.3
1966-03-01,uree,59.3
1966-04-01,uree,59.3
1966-05-01,uree,59.3
1966-06-01,uree,59.3
1966-07-01,uree,59.3
1966-08-01,uree,59.3
1966-09-01,uree,59.3
1966-10-01,uree,59.3
1966-11-01,uree,59.3
1966-12-01,uree,59.3
1967-01-01,uree,49.3
1967-02-01,uree,49.3
1967-03-01,uree,49.3
1967-04-01,uree,49.3
1967-05-01,uree,49.3
1967-06-01,uree,49.3
1967-07-01,uree,49.3
1967-08-01,uree,49.3
1967-09-01,uree,49.3
1967-10-01,uree,49.3
1967-11-01,uree,49.3
1967-12-01,uree,49.3
1968-01-01,uree,35.5
1968-02-01,uree,35.5
1968-03-01,uree,35.5
1968-04-01,uree,35.5
1968-05-01,uree,35.5
1968-06-01,uree,35.5
1968-07-01,uree,35.5
1968-08-01,uree,35.5
1968-09-01,uree,35.5
1968-10-01,uree,35.5
1968-11-01,uree,35.5
1968-12-01,uree,35.5
1969-01-01,uree,26.6
1969-02-01,uree,26.6
1969-03-01,uree,26.6
1969-04-01,uree,26.6
1969-05-01,uree,26.6
1969-06-01,uree,26.6
1969-07-01,uree,26.6
1969-08-01,uree,26.6
1969-09-01,uree,26.6
1969-10-01,uree,26.6
1969-11-01,uree,26.6
1969-12-01,uree,26.6
1970-01-01,uree,18.3
1970-02-01,uree,18.3
1970-03-01,uree,18.3
1970-04-01,uree,18.3
1970-05-01,uree,18.3
1970-06-01,uree,18.3
1970-07-01,uree,18.3
1970-08-01,uree,18.3
1970-09-01,uree,18.3
1970-10-01,uree,18.3
1970-11-01,uree,18.3
1970-12-01,uree,18.3
1971-01-01,uree,16.0
1971-02-01,uree,16.0
1971-03-01,uree,16.0
1971-04-01,uree,16.0
1971-05-01,uree,16.0
1971-06-01,uree,16.0
1971-07-01,uree,16.0
1971-08-01,uree,16.0
1971-09-01,uree,16.0
1971-10-01,uree,16.0
1971-11-01,uree,16.0
1971-12-01,uree,16.0
1972-01-01,uree,29.3
1972-02-01,uree,29.3
1972-03-01,uree,29.3
1972-04-01,uree,29.3
1972-05-01,uree,29.3
1972-06-01,uree,29.3
1972-07-01,uree,29.3
1972-08-01,uree,29.3
1972-09-01,uree,29.3
1972-10-01,uree,29.3
1972-11-01,uree,29.3
1972-12-01,uree,29.3
1973-01-01,uree,64.8
1973-02-01,uree,64.8
1973-03-01,uree,64.8
1973-04-01,uree,64.8
1973-05-01,uree,64.8
1973-06-01,uree,64.8
1973-07-01,uree,64.8
1973-08-01,uree,64.8
1973-09-01,uree,64.8
1973-10-01,uree,64.8
1973-11-01,uree,64.8
1973-12-01,uree,64.8
1974-01-01,uree,285.8
1974-02-01,uree,285.8
1974-03-01,uree,285.8
1974-04-01,uree,285.8
1974-05-01,uree,285.8
1974-06-01,uree,285.8
1974-07-01,uree,285.8
1974-08-01,uree,285.8
1974-09-01,uree,285.8
1974-10-01,uree,285.8
1974-11-01,uree,285.8
1974-12-01,uree,285.8
1975-01-01,uree,168.0
1975-02-01,uree,168.0
1975-03-01,uree,168.0
1975-04-01,uree,168.0
1975-05-01,uree,168.0
1975-06-01,uree,168.0
1975-07-01,uree,168.0
1975-08-01,uree,168.0
1975-09-01,uree,168.0
1975-10-01,uree,168.0
1975-11-01,uree,168.0
1975-12-01,uree,168.0
1976-01-01,uree,82.0
1976-02-01,uree,82.0
1976-03-01,uree,82.0
1976-04-01,uree,82.0
1976-05-01,uree,82.0
1976-06-01,uree,82.0
1976-07-01,uree,82.0
1976-08-01,uree,82.0
1976-09-01,uree,82.0
1976-10-01,uree,82.0
1976-11-01,uree,82.0
1976-12-01,uree,82.0
1977-01-01,uree,115.0
1977-02-01,uree,100.5
1977-03-01,uree,100.5
1977-04-01,uree,109.5
1977-05-01,uree,116.1
1977-06-01,uree,120.0
1977-07-01,uree,123.1
1977-08-01,uree,129.6
1977-09-01,uree,132.5
1977-10-01,uree,131.0
1977-11-01,uree,137.0
1977-12-01,uree,134.3
1978-01-01,uree,133.0
1978-02-01,uree,134.8
1978-03-01,uree,134.5
1978-04-01,uree,134.0
1978-05-01,uree,130.8
1978-06-01,uree,132.5
1978-07-01,uree,142.0
1978-08-01,uree,142.5
1978-09-01,uree,134.6
1978-10-01,uree,132.0
1978-11-01,uree,140.8
1978-12-01,uree,141.0
1979-01-01,uree,143.0
1979-02-01,uree,143.0
1979-03-01,uree,131.9
1979-04-01,uree,135.0
1979-05-01,uree,141.8
1979-06-01,uree,148.5
1979-07-01,uree,155.4
1979-08-01,uree,160.0
1979-09-01,uree,163.8
1979-10-01,uree,167.5
1979-11-01,uree,170.0
1979-12-01,uree,176.3
1980-01-01,uree,187.5
1980-02-01,uree,187.5
1980-03-01,uree,187.5
1980-04-01,uree,196.3
1980-05-01,uree,205.0
1980-06-01,uree,205.0
1980-07-01,uree,205.0
1980-08-01,uree,205.0
1980-09-01,uree,207.0
1980-10-01,uree,207.0
1980-11-01,uree,207.0
1980-12-01,uree,207.0
1981-01-01,uree,207.0
1981-02-01,uree,242.5
1981-03-01,uree,242.5
1981-04-01,uree,135.0
1981-05-01,uree,215.0
1981-06-01,uree,215.0
1981-07-01,uree,180.0
1981-08-01,uree,160.0
1981-09-01,uree,160.0
1981-10-01,uree,160.0
1981-11-01,uree,136.5
1981-12-01,uree,136.5
1982-01-01,uree,112.5
1982-02-01,uree,130.0
1982-03-01,uree,130.0
1982-04-01,uree,122.5
1982-05-01,uree,122.5
1982-06-01,uree,122.5
1982-07-01,uree,122.5
1982-08-01,uree,125.0
1982-09-01,uree,125.0
1982-10-01,uree,127.5
1982-11-01,uree,127.5
1982-12-01,uree,120.0
1983-01-01,uree,124.5
1983-02-01,uree,124.5
1983-03-01,uree,120.0
1983-04-01,uree,109.0
1983-05-01,uree,101.5
1983-06-01,uree,120.0
1983-07-01,uree,109.0
1983-08-01,uree,110.5
1983-09-01,uree,110.5
1983-10-01,uree,114.0
1983-11-01,uree,115.5
1983-12-01,uree,115.5
1984-01-01,uree,116.5
1984-02-01,uree,118.0
1984-03-01,uree,141.0
1984-04-01,uree,127.5
1984-05-01,uree,147.5
1984-06-01,uree,155.0
1984-07-01,uree,162.5
1984-08-01,uree,165.0
1984-09-01,uree,165.0
1984-10-01,uree,172.0
1984-11-01,uree,166.0
1984-12-01,uree,166.0
1985-01-01,uree,168.5
1985-02-01,uree,168.5
1985-03-01,uree,105.0
1985-04-01,uree,107.5
1985-05-01,uree,127.5
1985-06-01,uree,112.5
1985-07-01,uree,109.5
1985-08-01,uree,97.5
1985-09-01,uree,87.5
1985-10-01,uree,80.5
1985-11-01,uree,87.5
1985-12-01,uree,87.5
1986-01-01,uree,82.5
1986-02-01,uree,77.0
1986-03-01,uree,77.0
1986-04-01,uree,72.5
1986-05-01,uree,72.5
1986-06-01,uree,72.5
1986-07-01,uree,67.5
1986-08-01,uree,71.0
1986-09-01,uree,65.0
1986-10-01,uree,62.5
1986-11-01,uree,64.5
1986-12-01,uree,64.5
1987-01-01,uree,64.0
1987-02-01,uree,68.0
1987-03-01,uree,70.5
1987-04-01,uree,77.5
1987-05-01,uree,87.5
1987-06-01,uree,87.5
1987-07-01,uree,87.5
1987-08-01,uree,85.0
1987-09-01,uree,85.0
1987-10-01,uree,92.5
1987-11-01,uree,92.5
1987-12-01,uree,92.5
1988-01-01,uree,92.5
1988-02-01,uree,97.5
1988-03-01,uree,105.0
1988-04-01,uree,97.5
1988-05-01,uree,110.0
1988-06-01,uree,110.0
1988-07-01,uree,110.0
1988-08-01,uree,130.0
1988-09-01,uree,130.0
1988-10-01,uree,130.0
1988-11-01,uree,130.0
1988-12-01,uree,120.0
1989-01-01,uree,120.0
1989-02-01,uree,120.0
1989-03-01,uree,120.0
1989-04-01,uree,113.5
1989-05-01,uree,113.5
1989-06-01,uree,113.5
1989-07-01,uree,113.5
1989-08-01,uree,82.5
1989-09-01,uree,82.5
1989-10-01,uree,72.5
1989-11-01,uree,86.0
1989-12-01,uree,98.0
1990-01-01,uree,104.5
1990-02-01,uree,106.3
1990-03-01,uree,111.0
1990-04-01,uree,111.0
1990-05-01,uree,107.0
1990-06-01,uree,107.0
1990-07-01,uree,107.0
1990-08-01,uree,114.9
1990-09-01,uree,90.6
1990-10-01,uree,136.5
1990-11-01,uree,144.5
1990-12-01,uree,147.5
1991-01-01,uree,151.0
1991-02-01,uree,151.0
1991-03-01,uree,145.0
1991-04-01,uree,143.5
1991-05-01,uree,138.5
1991-06-01,uree,135.5
1991-07-01,uree,132.5
1991-08-01,uree,132.5
1991-09-01,uree,132.5
1991-10-01,uree,132.5
1991-11-01,uree,134.4
1991-12-01,uree,131.9
1992-01-01,uree,122.5
1992-02-01,uree,120.6
1992-03-01,uree,120.0
1992-04-01,uree,120.0
1992-05-01,uree,120.0
1992-06-01,uree,120.0
1992-07-01,uree,120.0
1992-08-01,uree,120.0
1992-09-01,uree,120.0
1992-10-01,uree,116.9
1992-11-01,uree,107.5
1992-12-01,uree,103.8
1993-01-01,uree,102.5
1993-02-01,uree,102.5
1993-03-01,uree,86.2
1993-04-01,uree,81.0
1993-05-01,uree,81.0
1993-06-01,uree,81.0
1993-07-01,uree,81.0
1993-08-01,uree,81.0
1993-09-01,uree,81.0
1993-10-01,uree,81.0
1993-11-01,uree,82.8
1993-12-01,uree,85.5
1994-01-01,uree,85.5
1994-02-01,uree,85.5
1994-03-01,uree,98.6
1994-04-01,uree,103.5
1994-05-01,uree,103.5
1994-06-01,uree,103.5
1994-07-01,uree,106.5
1994-08-01,uree,88.0
1994-09-01,uree,88.0
1994-10-01,uree,88.0
1994-11-01,uree,88.0
1994-12-01,uree,88.0
1995-01-01,uree,159.6
1995-02-01,uree,177.5
1995-03-01,uree,191.3
1995-04-01,uree,205.0
1995-05-01,uree,159.0
1995-06-01,uree,90.0
1995-07-01,uree,90.0
1995-08-01,uree,90.0
1995-09-01,uree,90.0
1995-10-01,uree,90.0
1995-11-01,uree,90.0
1995-12-01,uree,90.0
1996-01-01,uree,90.0
1996-02-01,uree,90.0
1996-03-01,uree,90.0
1996-04-01,uree,160.4
1996-05-01,uree,169.5
1996-06-01,uree,172.1
1996-07-01,uree,184.5
1996-08-01,uree,187.0
1996-09-01,uree,181.4
1996-10-01,uree,172.3
1996-11-01,uree,172.6
1996-12-01,uree,174.5
1997-01-01,uree,173.5
1997-02-01,uree,160.4
1997-03-01,uree,148.0
1997-04-01,uree,135.0
1997-05-01,uree,113.1
1997-06-01,uree,108.5
1997-07-01,uree,112.5
1997-08-01,uree,102.5
1997-09-01,uree,88.3
1997-10-01,uree,87.5
1997-11-01,uree,90.6
1997-12-01,uree,90.0
1998-01-01,uree,86.3
1998-02-01,uree,77.5
1998-03-01,uree,84.5
1998-04-01,uree,100.0
1998-05-01,uree,95.0
1998-06-01,uree,88.4
1998-07-01,uree,86.0
1998-08-01,uree,85.5
1998-09-01,uree,83.6
1998-10-01,uree,75.6
1998-11-01,uree,70.7
1998-12-01,uree,65.5
1999-01-01,uree,64.5
1999-02-01,uree,64.0
1999-03-01,uree,75.5
1999-04-01,uree,64.5
1999-05-01,uree,64.9
1999-06-01,uree,63.8
1999-07-01,uree,62.8
1999-08-01,uree,65.7
1999-09-01,uree,67.5
1999-10-01,uree,65.4
1999-11-01,uree,66.0
1999-12-01,uree,66.8
2000-01-01,uree,77.4
2000-02-01,uree,90.1
2000-03-01,uree,88.8
2000-04-01,uree,83.3
2000-05-01,uree,91.0
2000-06-01,uree,105.1
2000-07-01,uree,121.7
2000-08-01,uree,133.4
2000-09-01,uree,113.9
2000-10-01,uree,111.1
2000-11-01,uree,99.4
2000-12-01,uree,96.0
2001-01-01,uree,121.0
2001-02-01,uree,105.3
2001-03-01,uree,98.9
2001-04-01,uree,95.3
2001-05-01,uree,85.0
2001-06-01,uree,87.5
2001-07-01,uree,87.5
2001-08-01,uree,88.8
2001-09-01,uree,94.5
2001-10-01,uree,96.1
2001-11-01,uree,96.5
2001-12-01,uree,101.2
2002-01-01,uree,104.1
2002-02-01,uree,99.6
2002-03-01,uree,90.3
2002-04-01,uree,84.7
2002-05-01,uree,85.5
2002-06-01,uree,92.8
2002-07-01,uree,94.2
2002-08-01,uree,105.0
2002-09-01,uree,93.0
2002-10-01,uree,92.3
2002-11-01,uree,92.3
2002-12-01,uree,99.4
2003-01-01,uree,112.0
2003-02-01,uree,132.1
2003-03-01,uree,138.9
2003-04-01,uree,118.6
2003-05-01,uree,128.1
2003-06-01,uree,133.9
2003-07-01,uree,142.8
2003-08-01,uree,141.5
2003-09-01,uree,146.8
2003-10-01,uree,150.6
2003-11-01,uree,153.5
2003-12-01,uree,159.4
2004-01-01,uree,160.3
2004-02-01,uree,134.5
2004-03-01,uree,130.5
2004-04-01,uree,128.4
2004-05-01,uree,135.9
2004-06-01,uree,158.3
2004-07-01,uree,185.0
2004-08-01,uree,196.2
2004-09-01,uree,218.1
2004-10-01,uree,242.1
2004-11-01,uree,224.5
2004-12-01,uree,185.3
2005-01-01,uree,184.6
2005-02-01,uree,185.8
2005-03-01,uree,217.1
2005-04-01,uree,242.1
2005-05-01,uree,256.0
2005-06-01,uree,217.5
2005-07-01,uree,221.9
2005-08-01,uree,208.5
2005-09-01,uree,210.4
2005-10-01,uree,215.5
2005-11-01,uree,235.0
2005-12-01,uree,213.9
2006-01-01,uree,202.3
2006-02-01,uree,213.9
2006-03-01,uree,243.1
2006-04-01,uree,247.5
2006-05-01,uree,229.5
2006-06-01,uree,210.0
2006-07-01,uree,205.5
2006-08-01,uree,210.5
2006-09-01,uree,215.1
2006-10-01,uree,209.2
2006-11-01,uree,227.4
2006-12-01,uree,251.7
2007-01-01,uree,265.0
2007-02-01,uree,299.4
2007-03-01,uree,318.1
2007-04-01,uree,291.0
2007-05-01,uree,293.1
2007-06-01,uree,291.9
2007-07-01,uree,269.5
2007-08-01,uree,260.6
2007-09-01,uree,305.0
2007-10-01,uree,323.8
2007-11-01,uree,366.3
2007-12-01,uree,401.7
2008-01-01,uree,376.6
2008-02-01,uree,328.1
2008-03-01,uree,371.0
2008-04-01,uree,462.5
2008-05-01,uree,633.8
2008-06-01,uree,642.0
2008-07-01,uree,733.8
2008-08-01,uree,785.0
2008-09-01,uree,744.5
2008-10-01,uree,575.0
2008-11-01,uree,287.5
2008-12-01,uree,240.0
2009-01-01,uree,273.8
2009-02-01,uree,281.3
2009-03-01,uree,268.5
2009-04-01,uree,245.6
2009-05-01,uree,236.3
2009-06-01,uree,239.7
2009-07-01,uree,243.8
2009-08-01,uree,251.5
2009-09-01,uree,232.3
2009-10-01,uree,234.9
2009-11-01,uree,243.5
2009-12-01,uree,262.0
2010-01-01,uree,266.5
2010-02-01,uree,297.5
2010-03-01,uree,278.7
2010-04-01,uree,253.8
2010-05-01,uree,234.0
2010-06-01,uree,226.3
2010-07-01,uree,259.4
2010-08-01,uree,263.5
2010-09-01,uree,308.8
2010-10-01,uree,332.5
2010-11-01,uree,365.4
2010-12-01,uree,380.6
2011-01-01,uree,378.5
2011-02-01,uree,297.5
2011-03-01,uree,278.7
2011-04-01,uree,253.8
2011-05-01,uree,234.0
2011-06-01,uree,478.8
2011-07-01,uree,483.8
2011-08-01,uree,475.5
2011-09-01,uree,508.8
2011-10-01,uree,493.5
2011-11-01,uree,481.3
2011-12-01,uree,423.1
2012-01-01,uree,368.0
2012-02-01,uree,375.0
2012-03-01,uree,393.1
2012-04-01,uree,494.4
2012-05-01,uree,513.1
2012-06-01,uree,456.9
2012-07-01,uree,307.5
2012-08-01,uree,382.5
2012-09-01,uree,384.4
2012-10-01,uree,349.0
2012-11-01,uree,383.5
2012-12-01,uree,375.8
2013-01-01,uree,380.0
2013-02-01,uree,415.6
2013-03-01,uree,395.6
2013-04-01,uree,365.6
2013-05-01,uree,358.1
2013-06-01,uree,329.4
2013-07-01,uree,312.5
2013-08-01,uree,310.6
2013-09-01,uree,301.0
2013-10-01,uree,296.9
2013-11-01,uree,305.0
2013-12-01,uree,305.0
2014-01-01,uree,330.0
2014-02-01,uree,353.1
2014-03-01,uree,327.5
2014-04-01,uree,260.0
2014-05-01,uree,265.0
2014-06-01,uree,288.8
2014-07-01,uree,305.0
2014-08-01,uree,311.3
2014-09-01,uree,317.5
2014-10-01,uree,317.5
2014-11-01,uree,317.5
2014-12-01,uree,308.1
2015-01-01,uree,305.0
2015-02-01,uree,305.0
2015-03-01,uree,295.5
2015-04-01,uree,260.0
2015-05-01,uree,265.0
2015-06-01,uree,288.8
2015-07-01,uree,283.8
2015-08-01,uree,274.6
2015-09-01,uree,279.4
2015-10-01,uree,250.6
2015-11-01,uree,263.6
2015-12-01,uree,264.0
2016-01-01,uree,233.9
2016-02-01,uree,191.9
2016-03-01,uree,201.8
2016-04-01,uree,196.3
2016-05-01,uree,198.4
2016-06-01,uree,142.6
2016-07-01,uree,181.0
2016-08-01,uree,186.3
2016-09-01,uree,187.3
2016-10-01,uree,187.5
2016-11-01,uree,205.0
2016-12-01,uree,217.8
2017-01-01,uree,233.8
2017-02-01,uree,191.9
2017-03-01,uree,223.5
2017-04-01,uree,207.9
2017-05-01,uree,178.8
2017-06-01,uree,191.0
2017-07-01,uree,181.0
2017-08-01,uree,192.6
2017-09-01,uree,219.0
2017-10-01,uree,252.5
2017-11-01,uree,280.0
2017-12-01,uree,214.6
2018-01-01,uree,219.6
2018-02-01,uree,232.5
2018-03-01,uree,232.5
2018-04-01,uree,230.6
2018-05-01,uree,221.9
2018-06-01,uree,224.0
2018-07-01,uree,252.5
2018-08-01,uree,260.0
2018-09-01,uree,267.5
2018-10-01,uree,270.0
2018-11-01,uree,305.6
2018-12-01,uree,276.7
2019-01-01,uree,260.0
2019-02-01,uree,250.6
2019-03-01,uree,247.5
2019-04-01,uree,247.5
2019-05-01,uree,247.5
2019-06-01,uree,247.5
2019-07-01,uree,263.5
2019-08-01,uree,262.5
2019-09-01,uree,237.8
2019-10-01,uree,237.0
2019-11-01,uree,224.5
2019-12-01,uree,217.5
2020-01-01,uree,215.4
2020-02-01,uree,214.4
2020-03-01,uree,231.1
2020-04-01,uree,235.0
2020-05-01,uree,201.9
2020-06-01,uree,202.0
2020-07-01,uree,214.4
2020-08-01,uree,249.5
2020-09-01,uree,250.5
2020-10-01,uree,245.0
2020-11-01,uree,245.0
2020-12-01,uree,245.0
2021-01-01,uree,265.0
2021-02-01,uree,335.0
2021-03-01,uree,352.9
2021-04-01,uree,328.1
2021-05-01,uree,331.6
2021-06-01,uree,393.3
2021-07-01,uree,441.5
2021-08-01,uree,446.9
2021-09-01,uree,418.8
2021-10-01,uree,695.0
2021-11-01,uree,900.5
2021-12-01,uree,890.0
2022-01-01,uree,846.4
2022-02-01,uree,744.2
2022-03-01,uree,872.5
2022-04-01,uree,925.0
2022-05-01,uree,707.5
2022-06-01,uree,690.0
2022-07-01,uree,601.0
2022-08-01,uree,591.3
2022-09-01,uree,678.0
2022-10-01,uree,636.3
2022-11-01,uree,588.8
2022-12-01,uree,519.4
2023-01-01,uree,443.8
2023-02-01,uree,357.5
2023-03-01,uree,313.5
2023-04-01,uree,313.4
2023-05-01,uree,329.3
2023-06-01,uree,287.5
2023-07-01,uree,334.6
2023-08-01,uree,385.6
2023-09-01,uree,380.0
2023-10-01,uree,411.4
2023-11-01,uree,385.5
2023-12-01,uree,354.0
2024-01-01,uree,335.4
2024-02-01,uree,351.3
2024-03-01,uree,330.0
2024-04-01,uree,320.0
2024-05-01,uree,284.8
2024-06-01,uree,336.3
2024-07-01,uree,342.5
2024-08-01,uree,342.5
2024-09-01,uree,337.5
2024-10-01,uree,374.8
2024-11-01,uree,352.3
2024-12-01,uree,352.0
2025-01-01,uree,380.5
2025-02-01,uree,436.5
2025-03-01,uree,394.5
2025-04-01,uree,386.9
2025-05-01,uree,392.0
2025-06-01,uree,420.5
2025-07-01,uree,496.0
2025-08-01,uree,507.7
2025-09-01,uree,461.1
2025-10-01,uree,394.4
2025-11-01,uree,409.3
2025-12-01,uree,392.5
2026-01-01,uree,415.4
2026-02-01,uree,472.0
2026-03-01,uree,725.6
2026-04-01,uree,856.9
2026-05-01,uree,770.5
2026-06-01,uree,453.1
2026-07-01,uree,400.0
2026-08-01,uree,390.0
1960-01-01,roche,13.0
1960-02-01,roche,13.0
1960-03-01,roche,13.0
1960-04-01,roche,13.0
1960-05-01,roche,13.0
1960-06-01,roche,13.0
1960-07-01,roche,13.0
1960-08-01,roche,13.0
1960-09-01,roche,13.0
1960-10-01,roche,13.0
1960-11-01,roche,13.0
1960-12-01,roche,13.0
1961-01-01,roche,13.0
1961-02-01,roche,13.0
1961-03-01,roche,13.0
1961-04-01,roche,13.0
1961-05-01,roche,13.0
1961-06-01,roche,13.0
1961-07-01,roche,13.0
1961-08-01,roche,13.0
1961-09-01,roche,13.0
1961-10-01,roche,13.0
1961-11-01,roche,13.0
1961-12-01,roche,13.0
1962-01-01,roche,11.5
1962-02-01,roche,11.5
1962-03-01,roche,11.5
1962-04-01,roche,11.5
1962-05-01,roche,11.5
1962-06-01,roche,11.5
1962-07-01,roche,11.5
1962-08-01,roche,11.5
1962-09-01,roche,11.5
1962-10-01,roche,11.5
1962-11-01,roche,11.5
1962-12-01,roche,11.5
1963-01-01,roche,11.5
1963-02-01,roche,11.5
1963-03-01,roche,11.5
1963-04-01,roche,11.5
1963-05-01,roche,11.5
1963-06-01,roche,11.5
1963-07-01,roche,11.5
1963-08-01,roche,11.5
1963-09-01,roche,11.5
1963-10-01,roche,11.5
1963-11-01,roche,11.5
1963-12-01,roche,11.5
1964-01-01,roche,12.5
1964-02-01,roche,12.5
1964-03-01,roche,12.5
1964-04-01,roche,12.5
1964-05-01,roche,12.5
1964-06-01,roche,12.5
1964-07-01,roche,12.5
1964-08-01,roche,12.5
1964-09-01,roche,12.5
1964-10-01,roche,12.5
1964-11-01,roche,12.5
1964-12-01,roche,12.5
1965-01-01,roche,14.0
1965-02-01,roche,14.0
1965-03-01,roche,14.0
1965-04-01,roche,14.0
1965-05-01,roche,14.0
1965-06-01,roche,14.0
1965-07-01,roche,14.0
1965-08-01,roche,14.0
1965-09-01,roche,14.0
1965-10-01,roche,14.0
1965-11-01,roche,14.0
1965-12-01,roche,14.0
1966-01-01,roche,13.0
1966-02-01,roche,13.0
1966-03-01,roche,13.0
1966-04-01,roche,13.0
1966-05-01,roche,13.0
1966-06-01,roche,13.0
1966-07-01,roche,13.0
1966-08-01,roche,13.0
1966-09-01,roche,13.0
1966-10-01,roche,13.0
1966-11-01,roche,13.0
1966-12-01,roche,13.0
1967-01-01,roche,12.0
1967-02-01,roche,12.0
1967-03-01,roche,12.0
1967-04-01,roche,12.0
1967-05-01,roche,12.0
1967-06-01,roche,12.0
1967-07-01,roche,12.0
1967-08-01,roche,12.0
1967-09-01,roche,12.0
1967-10-01,roche,12.0
1967-11-01,roche,12.0
1967-12-01,roche,12.0
1968-01-01,roche,11.5
1968-02-01,roche,11.5
1968-03-01,roche,11.5
1968-04-01,roche,11.5
1968-05-01,roche,11.5
1968-06-01,roche,11.5
1968-07-01,roche,11.5
1968-08-01,roche,11.5
1968-09-01,roche,11.5
1968-10-01,roche,11.5
1968-11-01,roche,11.5
1968-12-01,roche,11.5
1969-01-01,roche,11.3
1969-02-01,roche,11.3
1969-03-01,roche,11.3
1969-04-01,roche,11.3
1969-05-01,roche,11.3
1969-06-01,roche,11.3
1969-07-01,roche,11.3
1969-08-01,roche,11.3
1969-09-01,roche,11.3
1969-10-01,roche,11.3
1969-11-01,roche,11.3
1969-12-01,roche,11.3
1970-01-01,roche,11.0
1970-02-01,roche,11.0
1970-03-01,roche,11.0
1970-04-01,roche,11.0
1970-05-01,roche,11.0
1970-06-01,roche,11.0
1970-07-01,roche,11.0
1970-08-01,roche,11.0
1970-09-01,roche,11.0
1970-10-01,roche,11.0
1970-11-01,roche,11.0
1970-12-01,roche,11.0
1971-01-01,roche,11.3
1971-02-01,roche,11.3
1971-03-01,roche,11.3
1971-04-01,roche,11.3
1971-05-01,roche,11.3
1971-06-01,roche,11.3
1971-07-01,roche,11.3
1971-08-01,roche,11.3
1971-09-01,roche,11.3
1971-10-01,roche,11.3
1971-11-01,roche,11.3
1971-12-01,roche,11.3
1972-01-01,roche,11.5
1972-02-01,roche,11.5
1972-03-01,roche,11.5
1972-04-01,roche,11.5
1972-05-01,roche,11.5
1972-06-01,roche,11.5
1972-07-01,roche,11.5
1972-08-01,roche,11.5
1972-09-01,roche,11.5
1972-10-01,roche,11.5
1972-11-01,roche,11.5
1972-12-01,roche,11.5
1973-01-01,roche,13.8
1973-02-01,roche,13.8
1973-03-01,roche,13.8
1973-04-01,roche,13.8
1973-05-01,roche,13.8
1973-06-01,roche,13.8
1973-07-01,roche,13.8
1973-08-01,roche,13.8
1973-09-01,roche,13.8
1973-10-01,roche,13.8
1973-11-01,roche,13.8
1973-12-01,roche,13.8
1974-01-01,roche,42.0
1974-02-01,roche,42.0
1974-03-01,roche,42.0
1974-04-01,roche,42.0
1974-05-01,roche,42.0
1974-06-01,roche,63.0
1974-07-01,roche,63.0
1974-08-01,roche,63.0
1974-09-01,roche,63.0
1974-10-01,roche,63.0
1974-11-01,roche,65.0
1974-12-01,roche,64.3
1975-01-01,roche,68.0
1975-02-01,roche,68.0
1975-03-01,roche,68.0
1975-04-01,roche,68.0
1975-05-01,roche,68.0
1975-06-01,roche,68.0
1975-07-01,roche,68.0
1975-08-01,roche,68.0
1975-09-01,roche,68.0
1975-10-01,roche,68.0
1975-11-01,roche,68.0
1975-12-01,roche,58.0
1976-01-01,roche,40.0
1976-02-01,roche,40.0
1976-03-01,roche,35.0
1976-04-01,roche,35.0
1976-05-01,roche,35.0
1976-06-01,roche,35.0
1976-07-01,roche,35.0
1976-08-01,roche,35.0
1976-09-01,roche,35.0
1976-10-01,roche,35.0
1976-11-01,roche,35.0
1976-12-01,roche,35.0
1977-01-01,roche,140.0
1977-02-01,roche,142.5
1977-03-01,roche,123.5
1977-04-01,roche,44.0
1977-05-01,roche,44.0
1977-06-01,roche,40.8
1977-07-01,roche,37.5
1977-08-01,roche,31.2
1977-09-01,roche,34.5
1977-10-01,roche,34.5
1977-11-01,roche,34.5
1977-12-01,roche,34.5
1978-01-01,roche,28.0
1978-02-01,roche,28.0
1978-03-01,roche,28.0
1978-04-01,roche,31.4
1978-05-01,roche,32.5
1978-06-01,roche,32.5
1978-07-01,roche,32.5
1978-08-01,roche,32.5
1978-09-01,roche,32.5
1978-10-01,roche,32.5
1978-11-01,roche,32.5
1978-12-01,roche,32.5
1979-01-01,roche,32.5
1979-02-01,roche,32.5
1979-03-01,roche,32.5
1979-04-01,roche,32.5
1979-05-01,roche,32.5
1979-06-01,roche,32.5
1979-07-01,roche,35.8
1979-08-01,roche,39.0
1979-09-01,roche,39.0
1979-10-01,roche,39.0
1979-11-01,roche,39.0
1979-12-01,roche,39.0
1980-01-01,roche,39.0
1980-02-01,roche,39.0
1980-03-01,roche,42.0
1980-04-01,roche,54.0
1980-05-01,roche,54.0
1980-06-01,roche,44.0
1980-07-01,roche,44.0
1980-08-01,roche,44.0
1980-09-01,roche,44.0
1980-10-01,roche,44.0
1980-11-01,roche,44.0
1980-12-01,roche,44.0
1981-01-01,roche,44.0
1981-02-01,roche,44.0
1981-03-01,roche,44.0
1981-04-01,roche,47.5
1981-05-01,roche,51.0
1981-06-01,roche,51.0
1981-07-01,roche,51.0
1981-08-01,roche,51.0
1981-09-01,roche,51.0
1981-10-01,roche,51.0
1981-11-01,roche,51.0
1981-12-01,roche,51.0
1982-01-01,roche,51.0
1982-02-01,roche,51.0
1982-03-01,roche,51.0
1982-04-01,roche,51.0
1982-05-01,roche,48.4
1982-06-01,roche,44.5
1982-07-01,roche,37.4
1982-08-01,roche,35.0
1982-09-01,roche,35.0
1982-10-01,roche,35.0
1982-11-01,roche,35.0
1982-12-01,roche,41.3
1983-01-01,roche,47.5
1983-02-01,roche,47.5
1983-03-01,roche,47.5
1983-04-01,roche,47.5
1983-05-01,roche,43.0
1983-06-01,roche,41.1
1983-07-01,roche,37.3
1983-08-01,roche,34.0
1983-09-01,roche,34.0
1983-10-01,roche,34.0
1983-11-01,roche,32.8
1983-12-01,roche,31.5
1984-01-01,roche,31.5
1984-02-01,roche,31.5
1984-03-01,roche,31.5
1984-04-01,roche,31.5
1984-05-01,roche,31.5
1984-06-01,roche,31.5
1984-07-01,roche,33.8
1984-08-01,roche,33.5
1984-09-01,roche,33.5
1984-10-01,roche,35.0
1984-11-01,roche,36.0
1984-12-01,roche,36.0
1985-01-01,roche,36.0
1985-02-01,roche,36.0
1985-03-01,roche,36.0
1985-04-01,roche,36.0
1985-05-01,roche,36.0
1985-06-01,roche,36.0
1985-07-01,roche,36.0
1985-08-01,roche,36.0
1985-09-01,roche,36.0
1985-10-01,roche,36.0
1985-11-01,roche,36.0
1985-12-01,roche,36.0
1986-01-01,roche,36.0
1986-02-01,roche,36.0
1986-03-01,roche,36.0
1986-04-01,roche,36.0
1986-05-01,roche,36.0
1986-06-01,roche,36.0
1986-07-01,roche,36.0
1986-08-01,roche,36.0
1986-09-01,roche,36.0
1986-10-01,roche,36.0
1986-11-01,roche,36.0
1986-12-01,roche,36.0
1987-01-01,roche,36.0
1987-02-01,roche,36.0
1987-03-01,roche,36.0
1987-04-01,roche,34.5
1987-05-01,roche,34.5
1987-06-01,roche,34.5
1987-07-01,roche,34.5
1987-08-01,roche,34.5
1987-09-01,roche,33.3
1987-10-01,roche,32.0
1987-11-01,roche,32.0
1987-12-01,roche,32.0
1988-01-01,roche,32.0
1988-02-01,roche,32.0
1988-03-01,roche,32.0
1988-04-01,roche,32.0
1988-05-01,roche,32.0
1988-06-01,roche,32.0
1988-07-01,roche,32.0
1988-08-01,roche,31.2
1988-09-01,roche,31.0
1988-10-01,roche,31.0
1988-11-01,roche,31.0
1988-12-01,roche,31.0
1989-01-01,roche,31.0
1989-02-01,roche,31.0
1989-03-01,roche,31.0
1989-04-01,roche,31.0
1989-05-01,roche,31.0
1989-06-01,roche,31.0
1989-07-01,roche,31.0
1989-08-01,roche,31.0
1989-09-01,roche,31.0
1989-10-01,roche,31.0
1989-11-01,roche,31.0
1989-12-01,roche,31.0
1990-01-01,roche,31.0
1990-02-01,roche,31.0
1990-03-01,roche,31.0
1990-04-01,roche,31.0
1990-05-01,roche,31.0
1990-06-01,roche,31.5
1990-07-01,roche,31.5
1990-08-01,roche,31.5
1990-09-01,roche,31.5
1990-10-01,roche,31.5
1990-11-01,roche,31.5
1990-12-01,roche,31.5
1991-01-01,roche,31.5
1991-02-01,roche,31.5
1991-03-01,roche,31.5
1991-04-01,roche,31.5
1991-05-01,roche,31.5
1991-06-01,roche,31.5
1991-07-01,roche,31.5
1991-08-01,roche,31.5
1991-09-01,roche,31.5
1991-10-01,roche,31.5
1991-11-01,roche,31.5
1991-12-01,roche,31.5
1992-01-01,roche,31.5
1992-02-01,roche,31.5
1992-03-01,roche,31.5
1992-04-01,roche,31.5
1992-05-01,roche,31.5
1992-06-01,roche,31.5
1992-07-01,roche,31.5
1992-08-01,roche,31.5
1992-09-01,roche,31.5
1992-10-01,roche,31.5
1992-11-01,roche,31.5
1992-12-01,roche,31.5
1993-01-01,roche,31.5
1993-02-01,roche,31.5
1993-03-01,roche,31.5
1993-04-01,roche,31.5
1993-05-01,roche,31.5
1993-06-01,roche,31.5
1993-07-01,roche,31.5
1993-08-01,roche,31.5
1993-09-01,roche,31.5
1993-10-01,roche,31.5
1993-11-01,roche,31.5
1993-12-01,roche,31.5
1994-01-01,roche,31.5
1994-02-01,roche,31.5
1994-03-01,roche,31.5
1994-04-01,roche,31.5
1994-05-01,roche,31.5
1994-06-01,roche,31.5
1994-07-01,roche,31.5
1994-08-01,roche,31.5
1994-09-01,roche,31.5
1994-10-01,roche,31.5
1994-11-01,roche,33.5
1994-12-01,roche,33.5
1995-01-01,roche,33.5
1995-02-01,roche,31.5
1995-03-01,roche,31.5
1995-04-01,roche,31.5
1995-05-01,roche,31.5
1995-06-01,roche,31.5
1995-07-01,roche,33.5
1995-08-01,roche,33.5
1995-09-01,roche,33.5
1995-10-01,roche,33.5
1995-11-01,roche,33.5
1995-12-01,roche,33.5
1996-01-01,roche,33.5
1996-02-01,roche,33.5
1996-03-01,roche,33.5
1996-04-01,roche,33.5
1996-05-01,roche,33.5
1996-06-01,roche,33.5
1996-07-01,roche,32.9
1996-08-01,roche,32.5
1996-09-01,roche,32.5
1996-10-01,roche,32.5
1996-11-01,roche,32.5
1996-12-01,roche,32.5
1997-01-01,roche,32.5
1997-02-01,roche,32.5
1997-03-01,roche,32.5
1997-04-01,roche,32.5
1997-05-01,roche,32.5
1997-06-01,roche,32.5
1997-07-01,roche,32.5
1997-08-01,roche,32.5
1997-09-01,roche,32.5
1997-10-01,roche,32.5
1997-11-01,roche,32.5
1997-12-01,roche,32.5
1998-01-01,roche,32.5
1998-02-01,roche,32.5
1998-03-01,roche,32.5
1998-04-01,roche,32.5
1998-05-01,roche,32.5
1998-06-01,roche,32.5
1998-07-01,roche,32.5
1998-08-01,roche,32.5
1998-09-01,roche,32.5
1998-10-01,roche,32.5
1998-11-01,roche,32.5
1998-12-01,roche,32.5
1999-01-01,roche,32.5
1999-02-01,roche,41.1
1999-03-01,roche,44.0
1999-04-01,roche,44.0
1999-05-01,roche,44.0
1999-06-01,roche,44.0
1999-07-01,roche,44.0
1999-08-01,roche,44.0
1999-09-01,roche,44.0
1999-10-01,roche,44.0
1999-11-01,roche,44.0
1999-12-01,roche,44.0
2000-01-01,roche,44.0
2000-02-01,roche,44.0
2000-03-01,roche,44.0
2000-04-01,roche,44.0
2000-05-01,roche,44.0
2000-06-01,roche,44.0
2000-07-01,roche,44.0
2000-08-01,roche,44.0
2000-09-01,roche,44.0
2000-10-01,roche,44.0
2000-11-01,roche,44.0
2000-12-01,roche,44.0
2001-01-01,roche,44.0
2001-02-01,roche,44.0
2001-03-01,roche,44.0
2001-04-01,roche,44.0
2001-05-01,roche,44.0
2001-06-01,roche,44.0
2001-07-01,roche,44.0
2001-08-01,roche,44.0
2001-09-01,roche,44.0
2001-10-01,roche,44.0
2001-11-01,roche,44.0
2001-12-01,roche,44.0
2002-01-01,roche,44.0
2002-02-01,roche,44.0
2002-03-01,roche,44.0
2002-04-01,roche,44.0
2002-05-01,roche,44.0
2002-06-01,roche,44.0
2002-07-01,roche,44.0
2002-08-01,roche,44.0
2002-09-01,roche,44.0
2002-10-01,roche,44.0
2002-11-01,roche,44.0
2002-12-01,roche,44.0
2003-01-01,roche,44.0
2003-02-01,roche,44.0
2003-03-01,roche,44.0
2003-04-01,roche,44.0
2003-05-01,roche,44.0
2003-06-01,roche,44.0
2003-07-01,roche,44.0
2003-08-01,roche,44.0
2003-09-01,roche,44.0
2003-10-01,roche,44.0
2003-11-01,roche,44.0
2003-12-01,roche,44.0
2004-01-01,roche,44.0
2004-02-01,roche,44.0
2004-03-01,roche,44.0
2004-04-01,roche,44.0
2004-05-01,roche,44.0
2004-06-01,roche,44.0
2004-07-01,roche,44.0
2004-08-01,roche,44.0
2004-09-01,roche,44.0
2004-10-01,roche,44.0
2004-11-01,roche,44.0
2004-12-01,roche,44.0
2005-01-01,roche,44.0
2005-02-01,roche,44.0
2005-03-01,roche,44.0
2005-04-01,roche,44.0
2005-05-01,roche,44.0
2005-06-01,roche,44.0
2005-07-01,roche,44.0
2005-08-01,roche,44.0
2005-09-01,roche,44.0
2005-10-01,roche,44.0
2005-11-01,roche,44.0
2005-12-01,roche,44.0
2006-01-01,roche,44.0
2006-02-01,roche,44.0
2006-03-01,roche,44.0
2006-04-01,roche,44.0
2006-05-01,roche,44.0
2006-06-01,roche,44.0
2006-07-01,roche,44.0
2006-08-01,roche,44.0
2006-09-01,roche,44.0
2006-10-01,roche,44.0
2006-11-01,roche,44.0
2006-12-01,roche,44.0
2007-01-01,roche,44.0
2007-02-01,roche,44.0
2007-03-01,roche,44.0
2007-04-01,roche,44.0
2007-05-01,roche,44.0
2007-06-01,roche,44.0
2007-07-01,roche,44.0
2007-08-01,roche,44.0
2007-09-01,roche,57.8
2007-10-01,roche,71.5
2007-11-01,roche,71.5
2007-12-01,roche,71.5
2008-01-01,roche,71.5
2008-02-01,roche,71.5
2008-03-01,roche,71.5
2008-04-01,roche,160.4
2008-05-01,roche,190.0
2008-06-01,roche,190.0
2008-07-01,roche,240.0
2008-08-01,roche,290.0
2008-09-01,roche,278.0
2008-10-01,roche,450.0
2008-11-01,roche,450.0
2008-12-01,roche,450.0
2009-01-01,roche,450.0
2009-02-01,roche,450.0
2009-03-01,roche,450.0
2009-04-01,roche,315.0
2009-05-01,roche,270.0
2009-06-01,roche,198.0
2009-07-01,roche,90.0
2009-08-01,roche,90.0
2009-09-01,roche,90.0
2009-10-01,roche,90.0
2009-11-01,roche,90.0
2009-12-01,roche,90.0
2010-01-01,roche,90.0
2010-02-01,roche,90.0
2010-03-01,roche,90.0
2010-04-01,roche,90.0
2010-05-01,roche,90.0
2010-06-01,roche,90.0
2010-07-01,roche,98.8
2010-08-01,roche,125.0
2010-09-01,roche,125.0
2010-10-01,roche,125.0
2010-11-01,roche,125.0
2010-12-01,roche,125.0
2011-01-01,roche,125.0
2011-02-01,roche,140.0
2011-03-01,roche,145.0
2011-04-01,roche,145.0
2011-05-01,roche,147.0
2011-06-01,roche,155.0
2011-07-01,roche,161.9
2011-08-01,roche,182.5
2011-09-01,roche,182.5
2011-10-01,roche,188.8
2011-11-01,roche,195.0
2011-12-01,roche,195.0
2012-01-01,roche,195.0
2012-02-01,roche,190.0
2012-03-01,roche,160.0
2012-04-01,roche,185.0
2012-05-01,roche,195.0
2012-06-01,roche,193.1
2012-07-01,roche,188.5
2012-08-01,roche,182.5
2012-09-01,roche,182.5
2012-10-01,roche,182.5
2012-11-01,roche,182.5
2012-12-01,roche,182.5
2013-01-01,roche,182.5
2013-02-01,roche,182.5
2013-03-01,roche,160.0
2013-04-01,roche,111.5
2013-05-01,roche,157.5
2013-06-01,roche,125.6
2013-07-01,roche,115.0
2013-08-01,roche,115.0
2013-09-01,roche,97.5
2013-10-01,roche,84.4
2013-11-01,roche,87.5
2013-12-01,roche,96.9
2014-01-01,roche,97.5
2014-02-01,roche,97.5
2014-03-01,roche,106.6
2014-04-01,roche,111.5
2014-05-01,roche,112.6
2014-06-01,roche,111.4
2014-07-01,roche,111.0
2014-08-01,roche,111.0
2014-09-01,roche,111.4
2014-10-01,roche,116.0
2014-11-01,roche,119.5
2014-12-01,roche,119.5
2015-01-01,roche,119.5
2015-02-01,roche,121.3
2015-03-01,roche,123.0
2015-04-01,roche,114.1
2015-05-01,roche,110.5
2015-06-01,roche,118.9
2015-07-01,roche,121.0
2015-08-01,roche,121.0
2015-09-01,roche,124.0
2015-10-01,roche,123.5
2015-11-01,roche,123.5
2015-12-01,roche,123.5
2016-01-01,roche,122.6
2016-02-01,roche,114.5
2016-03-01,roche,114.5
2016-04-01,roche,114.1
2016-05-01,roche,110.5
2016-06-01,roche,110.5
2016-07-01,roche,110.5
2016-08-01,roche,109.8
2016-09-01,roche,109.0
2016-10-01,roche,109.0
2016-11-01,roche,103.0
2016-12-01,roche,97.5
2017-01-01,roche,96.9
2017-02-01,roche,95.0
2017-03-01,roche,97.5
2017-04-01,roche,95.6
2017-05-01,roche,92.5
2017-06-01,roche,92.5
2017-07-01,roche,92.5
2017-08-01,roche,88.8
2017-09-01,roche,85.0
2017-10-01,roche,80.0
2017-11-01,roche,80.0
2017-12-01,roche,80.0
2018-01-01,roche,80.0
2018-02-01,roche,82.5
2018-03-01,roche,84.7
2018-04-01,roche,88.0
2018-05-01,roche,88.0
2018-06-01,roche,86.8
2018-07-01,roche,86.9
2018-08-01,roche,87.5
2018-09-01,roche,87.5
2018-10-01,roche,91.3
2018-11-01,roche,92.5
2018-12-01,roche,99.2
2019-01-01,roche,102.5
2019-02-01,roche,102.5
2019-03-01,roche,98.5
2019-04-01,roche,97.5
2019-05-01,roche,97.5
2019-06-01,roche,97.5
2019-07-01,roche,80.0
2019-08-01,roche,78.0
2019-09-01,roche,77.5
2019-10-01,roche,77.5
2019-11-01,roche,74.0
2019-12-01,roche,72.5
2020-01-01,roche,72.5
2020-02-01,roche,72.5
2020-03-01,roche,71.9
2020-04-01,roche,70.8
2020-05-01,roche,72.9
2020-06-01,roche,75.0
2020-07-01,roche,75.0
2020-08-01,roche,76.9
2020-09-01,roche,79.4
2020-10-01,roche,80.0
2020-11-01,roche,82.5
2020-12-01,roche,83.3
2021-01-01,roche,85.0
2021-02-01,roche,88.1
2021-03-01,roche,96.3
2021-04-01,roche,95.0
2021-05-01,roche,102.5
2021-06-01,roche,125.0
2021-07-01,roche,125.0
2021-08-01,roche,136.9
2021-09-01,roche,147.5
2021-10-01,roche,147.5
2021-11-01,roche,153.1
2021-12-01,roche,176.7
2022-01-01,roche,173.1
2022-02-01,roche,172.5
2022-03-01,roche,178.8
2022-04-01,roche,249.5
2022-05-01,roche,255.0
2022-06-01,roche,287.5
2022-07-01,roche,320.0
2022-08-01,roche,320.0
2022-09-01,roche,320.0
2022-10-01,roche,317.5
2022-11-01,roche,300.0
2022-12-01,roche,300.0
2023-01-01,roche,300.0
2023-02-01,roche,322.5
2023-03-01,roche,345.0
2023-04-01,roche,345.0
2023-05-01,roche,345.0
2023-06-01,roche,344.5
2023-07-01,roche,342.5
2023-08-01,roche,346.3
2023-09-01,roche,347.5
2023-10-01,roche,347.5
2023-11-01,roche,347.5
2023-12-01,roche,152.5
2024-01-01,roche,152.5
2024-02-01,roche,152.5
2024-03-01,roche,152.5
2024-04-01,roche,152.5
2024-05-01,roche,152.5
2024-06-01,roche,152.5
2024-07-01,roche,152.5
2024-08-01,roche,152.5
2024-09-01,roche,152.5
2024-10-01,roche,152.5
2024-11-01,roche,152.5
2024-12-01,roche,152.5
2025-01-01,roche,152.5
2025-02-01,roche,152.5
2025-03-01,roche,152.5
2025-04-01,roche,152.5
2025-05-01,roche,152.5
2025-06-01,roche,152.5
2025-07-01,roche,152.5
2025-08-01,roche,152.5
2025-09-01,roche,152.5
2025-10-01,roche,152.5
2025-11-01,roche,152.5
2025-12-01,roche,152.5
2026-01-01,roche,152.5
2026-02-01,roche,152.5
2026-03-01,roche,152.5
2026-04-01,roche,152.5
2026-05-01,roche,152.5
2026-06-01,roche,156.9
2026-07-01,roche,170.0
2026-08-01,roche,170.0
1967-01-01,dap,68.5
1967-02-01,dap,68.5
1967-03-01,dap,68.5
1967-04-01,dap,68.5
1967-05-01,dap,68.5
1967-06-01,dap,68.5
1967-07-01,dap,68.5
1967-08-01,dap,68.5
1967-09-01,dap,68.5
1967-10-01,dap,68.5
1967-11-01,dap,68.5
1967-12-01,dap,68.5
1968-01-01,dap,60.5
1968-02-01,dap,60.5
1968-03-01,dap,60.5
1968-04-01,dap,60.5
1968-05-01,dap,60.5
1968-06-01,dap,60.5
1968-07-01,dap,60.5
1968-08-01,dap,60.5
1968-09-01,dap,60.5
1968-10-01,dap,60.5
1968-11-01,dap,60.5
1968-12-01,dap,60.5
1969-01-01,dap,58.0
1969-02-01,dap,58.0
1969-03-01,dap,58.0
1969-04-01,dap,58.0
1969-05-01,dap,58.0
1969-06-01,dap,58.0
1969-07-01,dap,58.0
1969-08-01,dap,58.0
1969-09-01,dap,58.0
1969-10-01,dap,58.0
1969-11-01,dap,58.0
1969-12-01,dap,58.0
1970-01-01,dap,54.0
1970-02-01,dap,54.0
1970-03-01,dap,54.0
1970-04-01,dap,54.0
1970-05-01,dap,54.0
1970-06-01,dap,54.0
1970-07-01,dap,54.0
1970-08-01,dap,54.0
1970-09-01,dap,54.0
1970-10-01,dap,54.0
1970-11-01,dap,54.0
1970-12-01,dap,54.0
1971-01-01,dap,57.5
1971-02-01,dap,57.5
1971-03-01,dap,57.5
1971-04-01,dap,57.5
1971-05-01,dap,57.5
1971-06-01,dap,57.5
1971-07-01,dap,66.0
1971-08-01,dap,66.0
1971-09-01,dap,66.0
1971-10-01,dap,66.0
1971-11-01,dap,66.0
1971-12-01,dap,66.0
1972-01-01,dap,83.0
1972-02-01,dap,83.0
1972-03-01,dap,83.0
1972-04-01,dap,83.0
1972-05-01,dap,83.0
1972-06-01,dap,83.0
1972-07-01,dap,99.0
1972-08-01,dap,99.0
1972-09-01,dap,99.0
1972-10-01,dap,99.0
1972-11-01,dap,99.0
1972-12-01,dap,99.0
1973-01-01,dap,105.0
1973-02-01,dap,105.0
1973-03-01,dap,105.0
1973-04-01,dap,105.0
1973-05-01,dap,105.0
1973-06-01,dap,105.0
1973-07-01,dap,132.5
1973-08-01,dap,132.5
1973-09-01,dap,132.5
1973-10-01,dap,132.5
1973-11-01,dap,132.5
1973-12-01,dap,132.5
1974-01-01,dap,215.0
1974-02-01,dap,232.5
1974-03-01,dap,262.5
1974-04-01,dap,293.8
1974-05-01,dap,301.3
1974-06-01,dap,339.5
1974-07-01,dap,358.1
1974-08-01,dap,365.0
1974-09-01,dap,405.0
1974-10-01,dap,405.0
1974-11-01,dap,405.0
1974-12-01,dap,408.8
1975-01-01,dap,396.0
1975-02-01,dap,383.0
1975-03-01,dap,363.0
1975-04-01,dap,307.0
1975-05-01,dap,242.0
1975-06-01,dap,194.0
1975-07-01,dap,181.0
1975-08-01,dap,185.0
1975-09-01,dap,192.0
1975-10-01,dap,162.0
1975-11-01,dap,150.0
1975-12-01,dap,155.0
1976-01-01,dap,130.0
1976-02-01,dap,125.0
1976-03-01,dap,126.0
1976-04-01,dap,113.0
1976-05-01,dap,104.0
1976-06-01,dap,100.0
1976-07-01,dap,120.0
1976-08-01,dap,125.0
1976-09-01,dap,140.0
1976-10-01,dap,128.0
1976-11-01,dap,115.0
1976-12-01,dap,113.0
1977-01-01,dap,130.0
1977-02-01,dap,133.0
1977-03-01,dap,137.0
1977-04-01,dap,134.0
1977-05-01,dap,129.0
1977-06-01,dap,133.0
1977-07-01,dap,133.0
1977-08-01,dap,143.0
1977-09-01,dap,148.0
1977-10-01,dap,138.0
1977-11-01,dap,123.0
1977-12-01,dap,128.0
1978-01-01,dap,138.0
1978-02-01,dap,138.0
1978-03-01,dap,137.0
1978-04-01,dap,131.0
1978-05-01,dap,128.0
1978-06-01,dap,130.0
1978-07-01,dap,137.0
1978-08-01,dap,143.0
1978-09-01,dap,151.5
1978-10-01,dap,151.5
1978-11-01,dap,151.5
1978-12-01,dap,141.5
1979-01-01,dap,153.0
1979-02-01,dap,157.5
1979-03-01,dap,162.5
1979-04-01,dap,164.0
1979-05-01,dap,162.0
1979-06-01,dap,175.5
1979-07-01,dap,187.5
1979-08-01,dap,207.5
1979-09-01,dap,215.0
1979-10-01,dap,247.5
1979-11-01,dap,242.0
1979-12-01,dap,246.0
1980-01-01,dap,257.0
1980-02-01,dap,257.5
1980-03-01,dap,260.5
1980-04-01,dap,202.5
1980-05-01,dap,211.0
1980-06-01,dap,212.5
1980-07-01,dap,215.0
1980-08-01,dap,215.0
1980-09-01,dap,205.0
1980-10-01,dap,202.5
1980-11-01,dap,214.0
1980-12-01,dap,214.0
1981-01-01,dap,227.5
1981-02-01,dap,226.0
1981-03-01,dap,207.5
1981-04-01,dap,193.0
1981-05-01,dap,195.5
1981-06-01,dap,190.0
1981-07-01,dap,177.5
1981-08-01,dap,179.5
1981-09-01,dap,130.0
1981-10-01,dap,122.5
1981-11-01,dap,145.0
1981-12-01,dap,137.5
1982-01-01,dap,135.0
1982-02-01,dap,190.0
1982-03-01,dap,190.0
1982-04-01,dap,168.5
1982-05-01,dap,166.0
1982-06-01,dap,167.0
1982-07-01,dap,168.0
1982-08-01,dap,165.5
1982-09-01,dap,167.0
1982-10-01,dap,163.5
1982-11-01,dap,160.5
1982-12-01,dap,158.5
1983-01-01,dap,150.5
1983-02-01,dap,164.0
1983-03-01,dap,179.5
1983-04-01,dap,180.5
1983-05-01,dap,171.5
1983-06-01,dap,158.5
1983-07-01,dap,157.5
1983-08-01,dap,154.5
1983-09-01,dap,160.0
1983-10-01,dap,174.0
1983-11-01,dap,188.5
1983-12-01,dap,190.0
1984-01-01,dap,191.5
1984-02-01,dap,204.0
1984-03-01,dap,201.0
1984-04-01,dap,198.5
1984-05-01,dap,171.5
1984-06-01,dap,156.0
1984-07-01,dap,163.5
1984-08-01,dap,170.5
1984-09-01,dap,168.0
1984-10-01,dap,166.0
1984-11-01,dap,160.5
1984-12-01,dap,156.5
1985-01-01,dap,158.5
1985-02-01,dap,156.0
1985-03-01,dap,179.5
1985-04-01,dap,179.5
1985-05-01,dap,154.0
1985-06-01,dap,151.5
1985-07-01,dap,151.0
1985-08-01,dap,155.5
1985-09-01,dap,154.0
1985-10-01,dap,151.0
1985-11-01,dap,149.0
1985-12-01,dap,146.5
1986-01-01,dap,145.5
1986-02-01,dap,143.0
1986-03-01,dap,148.0
1986-04-01,dap,149.0
1986-05-01,dap,148.0
1986-06-01,dap,140.5
1986-07-01,dap,135.5
1986-08-01,dap,135.5
1986-09-01,dap,129.5
1986-10-01,dap,134.5
1986-11-01,dap,127.0
1986-12-01,dap,122.0
1987-01-01,dap,140.0
1987-02-01,dap,161.0
1987-03-01,dap,165.0
1987-04-01,dap,157.5
1987-05-01,dap,151.5
1987-06-01,dap,149.0
1987-07-01,dap,159.5
1987-08-01,dap,167.0
1987-09-01,dap,167.5
1987-10-01,dap,163.0
1987-11-01,dap,165.0
1987-12-01,dap,174.0
1988-01-01,dap,189.0
1988-02-01,dap,194.5
1988-03-01,dap,189.0
1988-04-01,dap,194.5
1988-05-01,dap,175.5
1988-06-01,dap,166.5
1988-07-01,dap,177.0
1988-08-01,dap,176.5
1988-09-01,dap,173.5
1988-10-01,dap,174.5
1988-11-01,dap,173.0
1988-12-01,dap,178.5
1989-01-01,dap,181.0
1989-02-01,dap,178.5
1989-03-01,dap,176.5
1989-04-01,dap,167.5
1989-05-01,dap,152.5
1989-06-01,dap,142.5
1989-07-01,dap,137.5
1989-08-01,dap,144.0
1989-09-01,dap,156.0
1989-10-01,dap,148.0
1989-11-01,dap,142.0
1989-12-01,dap,137.5
1990-01-01,dap,138.5
1990-02-01,dap,139.8
1990-03-01,dap,146.0
1990-04-01,dap,155.2
1990-05-01,dap,149.1
1990-06-01,dap,152.8
1990-07-01,dap,160.7
1990-08-01,dap,160.5
1990-09-01,dap,165.9
1990-10-01,dap,165.7
1990-11-01,dap,163.4
1990-12-01,dap,158.6
1991-01-01,dap,157.4
1991-02-01,dap,160.6
1991-03-01,dap,163.6
1991-04-01,dap,166.0
1991-05-01,dap,165.3
1991-06-01,dap,159.3
1991-07-01,dap,163.5
1991-08-01,dap,161.9
1991-09-01,dap,159.5
1991-10-01,dap,155.0
1991-11-01,dap,143.5
1991-12-01,dap,143.5
1992-01-01,dap,145.3
1992-02-01,dap,147.9
1992-03-01,dap,144.8
1992-04-01,dap,142.8
1992-05-01,dap,140.5
1992-06-01,dap,143.5
1992-07-01,dap,146.0
1992-08-01,dap,131.4
1992-09-01,dap,131.3
1992-10-01,dap,130.1
1992-11-01,dap,126.4
1992-12-01,dap,124.6
1993-01-01,dap,123.8
1993-02-01,dap,120.3
1993-03-01,dap,115.1
1993-04-01,dap,112.8
1993-05-01,dap,115.1
1993-06-01,dap,113.9
1993-07-01,dap,112.9
1993-08-01,dap,113.1
1993-09-01,dap,116.9
1993-10-01,dap,129.5
1993-11-01,dap,140.4
1993-12-01,dap,150.4
1994-01-01,dap,150.0
1994-02-01,dap,151.8
1994-03-01,dap,155.9
1994-04-01,dap,162.3
1994-05-01,dap,159.2
1994-06-01,dap,157.6
1994-07-01,dap,158.6
1994-08-01,dap,161.1
1994-09-01,dap,164.0
1994-10-01,dap,167.1
1994-11-01,dap,165.9
1994-12-01,dap,171.7
1995-01-01,dap,188.2
1995-02-01,dap,198.6
1995-03-01,dap,205.6
1995-04-01,dap,204.5
1995-05-01,dap,197.8
1995-06-01,dap,185.6
1995-07-01,dap,180.8
1995-08-01,dap,185.3
1995-09-01,dap,192.0
1995-10-01,dap,204.8
1995-11-01,dap,224.9
1995-12-01,dap,229.2
1996-01-01,dap,226.3
1996-02-01,dap,225.9
1996-03-01,dap,221.0
1996-04-01,dap,210.8
1996-05-01,dap,186.1
1996-06-01,dap,182.1
1996-07-01,dap,188.0
1996-08-01,dap,189.9
1996-09-01,dap,186.7
1996-10-01,dap,183.8
1996-11-01,dap,188.3
1996-12-01,dap,188.5
1997-01-01,dap,188.0
1997-02-01,dap,187.4
1997-03-01,dap,187.4
1997-04-01,dap,188.5
1997-05-01,dap,188.5
1997-06-01,dap,187.0
1997-07-01,dap,186.9
1997-08-01,dap,186.6
1997-09-01,dap,186.6
1997-10-01,dap,186.0
1997-11-01,dap,185.5
1997-12-01,dap,185.5
1998-01-01,dap,184.0
1998-02-01,dap,183.5
1998-03-01,dap,183.5
1998-04-01,dap,185.0
1998-05-01,dap,186.5
1998-06-01,dap,189.2
1998-07-01,dap,190.5
1998-08-01,dap,190.5
1998-09-01,dap,190.5
1998-10-01,dap,189.6
1998-11-01,dap,186.7
1998-12-01,dap,182.8
1999-01-01,dap,181.8
1999-02-01,dap,181.6
1999-03-01,dap,181.8
1999-04-01,dap,180.5
1999-05-01,dap,180.5
1999-06-01,dap,180.5
1999-07-01,dap,177.0
1999-08-01,dap,172.4
1999-09-01,dap,164.4
1999-10-01,dap,157.0
1999-11-01,dap,148.3
1999-12-01,dap,147.5
2000-01-01,dap,147.2
2000-02-01,dap,144.5
2000-03-01,dap,143.0
2000-04-01,dap,143.0
2000-05-01,dap,143.0
2000-06-01,dap,142.0
2000-07-01,dap,140.3
2000-08-01,dap,148.6
2000-09-01,dap,157.5
2000-10-01,dap,155.9
2000-11-01,dap,153.5
2000-12-01,dap,153.5
2001-01-01,dap,154.5
2001-02-01,dap,159.0
2001-03-01,dap,159.1
2001-04-01,dap,151.3
2001-05-01,dap,142.0
2001-06-01,dap,133.1
2001-07-01,dap,135.0
2001-08-01,dap,135.0
2001-09-01,dap,135.0
2001-10-01,dap,135.9
2001-11-01,dap,140.5
2001-12-01,dap,141.7
2002-01-01,dap,146.0
2002-02-01,dap,150.3
2002-03-01,dap,149.8
2002-04-01,dap,147.8
2002-05-01,dap,143.9
2002-06-01,dap,149.5
2002-07-01,dap,160.5
2002-08-01,dap,162.5
2002-09-01,dap,160.9
2002-10-01,dap,156.3
2002-11-01,dap,151.5
2002-12-01,dap,147.5
2003-01-01,dap,149.8
2003-02-01,dap,155.3
2003-03-01,dap,177.2
2003-04-01,dap,181.5
2003-05-01,dap,178.4
2003-06-01,dap,171.3
2003-07-01,dap,176.4
2003-08-01,dap,175.6
2003-09-01,dap,171.3
2003-10-01,dap,166.4
2003-11-01,dap,169.4
2003-12-01,dap,187.5
2004-01-01,dap,204.3
2004-02-01,dap,211.5
2004-03-01,dap,205.3
2004-04-01,dap,199.4
2004-05-01,dap,191.1
2004-06-01,dap,190.6
2004-07-01,dap,201.5
2004-08-01,dap,208.1
2004-09-01,dap,208.5
2004-10-01,dap,211.8
2004-11-01,dap,213.8
2004-12-01,dap,211.1
2005-01-01,dap,208.6
2005-02-01,dap,207.1
2005-03-01,dap,210.6
2005-04-01,dap,214.8
2005-05-01,dap,217.2
2005-06-01,dap,224.3
2005-07-01,dap,228.3
2005-08-01,dap,231.5
2005-09-01,dap,240.8
2005-10-01,dap,246.4
2005-11-01,dap,246.1
2005-12-01,dap,245.9
2006-01-01,dap,244.3
2006-02-01,dap,238.1
2006-03-01,dap,233.6
2006-04-01,dap,231.8
2006-05-01,dap,232.9
2006-06-01,dap,232.4
2006-07-01,dap,230.3
2006-08-01,dap,228.3
2006-09-01,dap,225.1
2006-10-01,dap,218.5
2006-11-01,dap,219.4
2006-12-01,dap,223.8
2007-01-01,dap,249.2
2007-02-01,dap,317.6
2007-03-01,dap,387.0
2007-04-01,dap,404.6
2007-05-01,dap,392.0
2007-06-01,dap,387.9
2007-07-01,dap,398.5
2007-08-01,dap,401.6
2007-09-01,dap,399.6
2007-10-01,dap,406.0
2007-11-01,dap,447.0
2007-12-01,dap,512.5
2008-01-01,dap,593.9
2008-02-01,dap,692.5
2008-03-01,dap,862.2
2008-04-01,dap,953.5
2008-05-01,dap,997.5
2008-06-01,dap,1004.1
2008-07-01,dap,1075.8
2008-08-01,dap,1065.0
2008-09-01,dap,980.0
2008-10-01,dap,910.0
2008-11-01,dap,710.0
2008-12-01,dap,495.0
2009-01-01,dap,308.9
2009-02-01,dap,313.8
2009-03-01,dap,317.8
2009-04-01,dap,300.6
2009-05-01,dap,267.9
2009-06-01,dap,256.1
2009-07-01,dap,263.3
2009-08-01,dap,276.4
2009-09-01,dap,280.6
2009-10-01,dap,271.6
2009-11-01,dap,273.2
2009-12-01,dap,331.5
2010-01-01,dap,383.0
2010-02-01,dap,413.6
2010-03-01,dap,424.5
2010-04-01,dap,417.5
2010-05-01,dap,410.0
2010-06-01,dap,392.5
2010-07-01,dap,418.1
2010-08-01,dap,459.9
2010-09-01,dap,506.0
2010-10-01,dap,557.3
2010-11-01,dap,554.1
2010-12-01,dap,540.6
2011-01-01,dap,547.4
2011-02-01,dap,413.6
2011-03-01,dap,424.5
2011-04-01,dap,417.5
2011-05-01,dap,410.0
2011-06-01,dap,575.9
2011-07-01,dap,597.6
2011-08-01,dap,597.4
2011-09-01,dap,587.9
2011-10-01,dap,571.4
2011-11-01,dap,563.5
2011-12-01,dap,488.8
2012-01-01,dap,451.4
2012-02-01,dap,435.5
2012-03-01,dap,442.9
2012-04-01,dap,478.0
2012-05-01,dap,490.5
2012-06-01,dap,501.6
2012-07-01,dap,436.9
2012-08-01,dap,504.5
2012-09-01,dap,527.4
2012-10-01,dap,533.5
2012-11-01,dap,487.9
2012-12-01,dap,472.8
2013-01-01,dap,462.3
2013-02-01,dap,464.5
2013-03-01,dap,467.6
2013-04-01,dap,461.1
2013-05-01,dap,421.3
2013-06-01,dap,424.1
2013-07-01,dap,409.6
2013-08-01,dap,400.4
2013-09-01,dap,374.8
2013-10-01,dap,370.0
2013-11-01,dap,334.4
2013-12-01,dap,341.6
2014-01-01,dap,403.4
2014-02-01,dap,450.1
2014-03-01,dap,486.5
2014-04-01,dap,409.0
2014-05-01,dap,413.6
2014-06-01,dap,421.4
2014-07-01,dap,440.6
2014-08-01,dap,446.5
2014-09-01,dap,438.1
2014-10-01,dap,418.8
2014-11-01,dap,408.8
2014-12-01,dap,418.4
2015-01-01,dap,440.3
2015-02-01,dap,444.1
2015-03-01,dap,428.8
2015-04-01,dap,409.0
2015-05-01,dap,413.6
2015-06-01,dap,421.4
2015-07-01,dap,431.5
2015-08-01,dap,434.6
2015-09-01,dap,428.0
2015-10-01,dap,423.8
2015-11-01,dap,383.9
2015-12-01,dap,340.6
2016-01-01,dap,327.1
2016-02-01,dap,326.0
2016-03-01,dap,338.1
2016-04-01,dap,330.5
2016-05-01,dap,313.5
2016-06-01,dap,306.6
2016-07-01,dap,305.2
2016-08-01,dap,318.1
2016-09-01,dap,320.0
2016-10-01,dap,310.0
2016-11-01,dap,298.0
2016-12-01,dap,296.6
2017-01-01,dap,308.0
2017-02-01,dap,326.0
2017-03-01,dap,325.6
2017-04-01,dap,313.1
2017-05-01,dap,309.3
2017-06-01,dap,310.3
2017-07-01,dap,313.8
2017-08-01,dap,320.8
2017-09-01,dap,325.9
2017-10-01,dap,322.4
2017-11-01,dap,344.0
2017-12-01,dap,357.3
2018-01-01,dap,360.4
2018-02-01,dap,370.0
2018-03-01,dap,378.0
2018-04-01,dap,384.8
2018-05-01,dap,384.4
2018-06-01,dap,391.6
2018-07-01,dap,400.8
2018-08-01,dap,409.0
2018-09-01,dap,421.6
2018-10-01,dap,420.8
2018-11-01,dap,410.2
2018-12-01,dap,389.7
2019-01-01,dap,382.1
2019-02-01,dap,357.4
2019-03-01,dap,335.0
2019-04-01,dap,323.8
2019-05-01,dap,313.4
2019-06-01,dap,314.9
2019-07-01,dap,307.5
2019-08-01,dap,292.9
2019-09-01,dap,285.8
2019-10-01,dap,277.4
2019-11-01,dap,248.0
2019-12-01,dap,238.2
2020-01-01,dap,264.9
2020-02-01,dap,279.4
2020-03-01,dap,276.2
2020-04-01,dap,282.0
2020-05-01,dap,263.0
2020-06-01,dap,273.0
2020-07-01,dap,305.1
2020-08-01,dap,341.9
2020-09-01,dap,358.4
2020-10-01,dap,357.1
2020-11-01,dap,359.6
2020-12-01,dap,388.5
2021-01-01,dap,421.3
2021-02-01,dap,528.9
2021-03-01,dap,534.1
2021-04-01,dap,543.4
2021-05-01,dap,574.6
2021-06-01,dap,604.8
2021-07-01,dap,613.0
2021-08-01,dap,603.1
2021-09-01,dap,643.8
2021-10-01,dap,672.9
2021-11-01,dap,726.7
2021-12-01,dap,745.0
2022-01-01,dap,699.4
2022-02-01,dap,747.1
2022-03-01,dap,938.1
2022-04-01,dap,954.0
2022-05-01,dap,842.5
2022-06-01,dap,783.8
2022-07-01,dap,784.0
2022-08-01,dap,749.4
2022-09-01,dap,752.0
2022-10-01,dap,725.0
2022-11-01,dap,665.6
2022-12-01,dap,625.0
2023-01-01,dap,631.0
2023-02-01,dap,612.5
2023-03-01,dap,606.0
2023-04-01,dap,637.0
2023-05-01,dap,510.0
2023-06-01,dap,454.6
2023-07-01,dap,458.8
2023-08-01,dap,528.8
2023-09-01,dap,527.9
2023-10-01,dap,534.8
2023-11-01,dap,535.6
2023-12-01,dap,563.8
2024-01-01,dap,596.3
2024-02-01,dap,583.8
2024-03-01,dap,617.5
2024-04-01,dap,545.0
2024-05-01,dap,522.0
2024-06-01,dap,543.0
2024-07-01,dap,539.4
2024-08-01,dap,546.0
2024-09-01,dap,554.8
2024-10-01,dap,573.4
2024-11-01,dap,574.5
2024-12-01,dap,568.3
2025-01-01,dap,582.7
2025-02-01,dap,603.8
2025-03-01,dap,615.1
2025-04-01,dap,635.0
2025-05-01,dap,669.2
2025-06-01,dap,715.4
2025-07-01,dap,736.0
2025-08-01,dap,795.1
2025-09-01,dap,780.6
2025-10-01,dap,754.0
2025-11-01,dap,708.3
2025-12-01,dap,627.5
2026-01-01,dap,619.2
2026-02-01,dap,626.5
2026-03-01,dap,658.3
2026-04-01,dap,725.3
2026-05-01,dap,769.5
2026-06-01,dap,783.8
2026-07-01,dap,781.3
2026-08-01,dap,793.5
1987-06-01,acide_sulf,100.0
1987-07-01,acide_sulf,98.7
1987-08-01,acide_sulf,98.8
1987-09-01,acide_sulf,98.7
1987-10-01,acide_sulf,98.8
1987-11-01,acide_sulf,99.7
1987-12-01,acide_sulf,101.3
1988-01-01,acide_sulf,104.1
1988-02-01,acide_sulf,104.7
1988-03-01,acide_sulf,105.4
1988-04-01,acide_sulf,105.5
1988-05-01,acide_sulf,106.2
1988-06-01,acide_sulf,107.3
1988-07-01,acide_sulf,107.1
1988-08-01,acide_sulf,109.0
1988-09-01,acide_sulf,109.1
1988-10-01,acide_sulf,111.0
1988-11-01,acide_sulf,111.2
1988-12-01,acide_sulf,109.8
1989-01-01,acide_sulf,111.0
1989-02-01,acide_sulf,111.4
1989-03-01,acide_sulf,110.9
1989-04-01,acide_sulf,109.6
1989-05-01,acide_sulf,109.6
1989-06-01,acide_sulf,109.6
1989-07-01,acide_sulf,112.2
1989-08-01,acide_sulf,113.8
1989-09-01,acide_sulf,112.4
1989-10-01,acide_sulf,111.5
1989-11-01,acide_sulf,110.3
1989-12-01,acide_sulf,110.1
1990-01-01,acide_sulf,109.9
1990-02-01,acide_sulf,109.5
1990-03-01,acide_sulf,110.1
1990-04-01,acide_sulf,109.7
1990-05-01,acide_sulf,110.5
1990-06-01,acide_sulf,110.8
1990-07-01,acide_sulf,111.3
1990-08-01,acide_sulf,112.0
1990-09-01,acide_sulf,112.2
1990-10-01,acide_sulf,114.1
1990-11-01,acide_sulf,113.9
1990-12-01,acide_sulf,113.9
1991-01-01,acide_sulf,112.9
1991-02-01,acide_sulf,114.6
1991-03-01,acide_sulf,115.1
1991-04-01,acide_sulf,114.7
1991-05-01,acide_sulf,114.1
1991-06-01,acide_sulf,114.2
1991-07-01,acide_sulf,114.3
1991-08-01,acide_sulf,112.2
1991-09-01,acide_sulf,112.4
1991-10-01,acide_sulf,113.7
1991-11-01,acide_sulf,111.0
1991-12-01,acide_sulf,110.2
1992-01-01,acide_sulf,109.2
1992-02-01,acide_sulf,108.6
1992-03-01,acide_sulf,108.5
1992-04-01,acide_sulf,108.0
1992-05-01,acide_sulf,108.3
1992-06-01,acide_sulf,110.4
1992-07-01,acide_sulf,106.0
1992-08-01,acide_sulf,110.4
1992-09-01,acide_sulf,108.3
1992-10-01,acide_sulf,108.3
1992-11-01,acide_sulf,103.8
1992-12-01,acide_sulf,104.0
1993-01-01,acide_sulf,103.9
1993-02-01,acide_sulf,104.7
1993-03-01,acide_sulf,104.8
1993-04-01,acide_sulf,103.9
1993-05-01,acide_sulf,104.5
1993-06-01,acide_sulf,103.3
1993-07-01,acide_sulf,102.1
1993-08-01,acide_sulf,103.3
1993-09-01,acide_sulf,102.6
1993-10-01,acide_sulf,102.6
1993-11-01,acide_sulf,102.5
1993-12-01,acide_sulf,102.9
1994-01-01,acide_sulf,102.7
1994-02-01,acide_sulf,104.2
1994-03-01,acide_sulf,100.5
1994-04-01,acide_sulf,101.5
1994-05-01,acide_sulf,105.0
1994-06-01,acide_sulf,102.9
1994-07-01,acide_sulf,101.0
1994-08-01,acide_sulf,101.3
1994-09-01,acide_sulf,104.1
1994-10-01,acide_sulf,104.6
1994-11-01,acide_sulf,105.1
1994-12-01,acide_sulf,101.2
1995-01-01,acide_sulf,101.8
1995-02-01,acide_sulf,105.3
1995-03-01,acide_sulf,101.4
1995-04-01,acide_sulf,105.1
1995-05-01,acide_sulf,104.7
1995-06-01,acide_sulf,104.7
1995-07-01,acide_sulf,104.7
1995-08-01,acide_sulf,107.0
1995-09-01,acide_sulf,107.2
1995-10-01,acide_sulf,107.3
1995-11-01,acide_sulf,107.2
1995-12-01,acide_sulf,107.7
1996-01-01,acide_sulf,107.1
1996-02-01,acide_sulf,107.3
1996-03-01,acide_sulf,107.1
1996-04-01,acide_sulf,107.3
1996-05-01,acide_sulf,107.7
1996-06-01,acide_sulf,107.7
1996-07-01,acide_sulf,107.0
1996-08-01,acide_sulf,107.0
1996-09-01,acide_sulf,107.0
1996-10-01,acide_sulf,107.1
1996-11-01,acide_sulf,107.6
1996-12-01,acide_sulf,107.5
1997-01-01,acide_sulf,107.3
1997-02-01,acide_sulf,106.5
1997-03-01,acide_sulf,107.4
1997-04-01,acide_sulf,107.5
1997-05-01,acide_sulf,107.4
1997-06-01,acide_sulf,106.9
1997-07-01,acide_sulf,107.0
1997-08-01,acide_sulf,109.7
1997-09-01,acide_sulf,110.0
1997-10-01,acide_sulf,110.0
1997-11-01,acide_sulf,110.0
1997-12-01,acide_sulf,110.1
1998-01-01,acide_sulf,110.1
1998-02-01,acide_sulf,110.2
1998-03-01,acide_sulf,110.1
1998-04-01,acide_sulf,110.3
1998-05-01,acide_sulf,101.8
1998-06-01,acide_sulf,110.2
1998-07-01,acide_sulf,100.4
1998-08-01,acide_sulf,110.1
1998-09-01,acide_sulf,102.5
1998-10-01,acide_sulf,110.1
1998-11-01,acide_sulf,111.3
1998-12-01,acide_sulf,110.0
1999-01-01,acide_sulf,110.0
1999-02-01,acide_sulf,100.8
1999-03-01,acide_sulf,100.8
1999-04-01,acide_sulf,102.0
1999-05-01,acide_sulf,100.5
1999-06-01,acide_sulf,100.1
1999-07-01,acide_sulf,100.1
1999-08-01,acide_sulf,100.1
1999-09-01,acide_sulf,99.7
1999-10-01,acide_sulf,101.2
1999-11-01,acide_sulf,101.2
1999-12-01,acide_sulf,101.2
2000-01-01,acide_sulf,99.8
2000-02-01,acide_sulf,99.8
2000-03-01,acide_sulf,108.6
2000-04-01,acide_sulf,99.8
2000-05-01,acide_sulf,99.8
2000-06-01,acide_sulf,99.8
2000-07-01,acide_sulf,89.9
2000-08-01,acide_sulf,89.8
2000-09-01,acide_sulf,98.8
2000-10-01,acide_sulf,90.2
2000-11-01,acide_sulf,91.5
2000-12-01,acide_sulf,91.6
2001-01-01,acide_sulf,90.4
2001-02-01,acide_sulf,101.8
2001-03-01,acide_sulf,91.9
2001-04-01,acide_sulf,100.7
2001-05-01,acide_sulf,91.3
2001-06-01,acide_sulf,91.3
2001-07-01,acide_sulf,91.4
2001-08-01,acide_sulf,126.0
2001-09-01,acide_sulf,125.4
2001-10-01,acide_sulf,125.6
2001-11-01,acide_sulf,125.8
2001-12-01,acide_sulf,123.1
2002-01-01,acide_sulf,120.4
2002-02-01,acide_sulf,113.5
2002-03-01,acide_sulf,120.5
2002-04-01,acide_sulf,120.5
2002-05-01,acide_sulf,120.5
2002-06-01,acide_sulf,120.6
2002-07-01,acide_sulf,127.9
2002-08-01,acide_sulf,128.5
2002-09-01,acide_sulf,129.4
2002-10-01,acide_sulf,129.4
2002-11-01,acide_sulf,129.9
2002-12-01,acide_sulf,129.9
2003-01-01,acide_sulf,121.9
2003-02-01,acide_sulf,122.4
2003-03-01,acide_sulf,132.6
2003-04-01,acide_sulf,132.6
2003-05-01,acide_sulf,132.9
2003-06-01,acide_sulf,125.0
2003-07-01,acide_sulf,157.2
2003-08-01,acide_sulf,125.3
2003-09-01,acide_sulf,134.8
2003-10-01,acide_sulf,158.5
2003-11-01,acide_sulf,134.7
2003-12-01,acide_sulf,134.5
2004-01-01,acide_sulf,134.9
2004-02-01,acide_sulf,165.6
2004-03-01,acide_sulf,135.1
2004-04-01,acide_sulf,135.1
2004-05-01,acide_sulf,135.1
2004-06-01,acide_sulf,135.1
2004-07-01,acide_sulf,135.1
2004-08-01,acide_sulf,167.5
2004-09-01,acide_sulf,167.4
2004-10-01,acide_sulf,166.1
2004-11-01,acide_sulf,166.4
2004-12-01,acide_sulf,166.4
2005-01-01,acide_sulf,166.7
2005-02-01,acide_sulf,166.7
2005-03-01,acide_sulf,166.4
2005-04-01,acide_sulf,166.4
2005-05-01,acide_sulf,166.4
2005-06-01,acide_sulf,167.2
2005-07-01,acide_sulf,167.3
2005-08-01,acide_sulf,167.5
2005-09-01,acide_sulf,167.5
2005-10-01,acide_sulf,167.6
2005-11-01,acide_sulf,167.8
2005-12-01,acide_sulf,167.8
2006-01-01,acide_sulf,169.2
2006-02-01,acide_sulf,169.2
2006-03-01,acide_sulf,169.2
2006-04-01,acide_sulf,169.2
2006-05-01,acide_sulf,169.2
2006-06-01,acide_sulf,169.2
2006-07-01,acide_sulf,169.2
2006-08-01,acide_sulf,169.1
2006-09-01,acide_sulf,169.1
2006-10-01,acide_sulf,169.1
2006-11-01,acide_sulf,169.1
2006-12-01,acide_sulf,168.9
2007-01-01,acide_sulf,169.2
2007-02-01,acide_sulf,170.1
2007-03-01,acide_sulf,170.1
2007-04-01,acide_sulf,170.1
2007-05-01,acide_sulf,170.6
2007-06-01,acide_sulf,170.6
2007-07-01,acide_sulf,170.6
2007-08-01,acide_sulf,172.1
2007-09-01,acide_sulf,174.8
2007-10-01,acide_sulf,174.8
2007-11-01,acide_sulf,175.8
2007-12-01,acide_sulf,176.4
2008-01-01,acide_sulf,179.0
2008-02-01,acide_sulf,189.8
2008-03-01,acide_sulf,192.4
2008-04-01,acide_sulf,204.6
2008-05-01,acide_sulf,250.6
2008-06-01,acide_sulf,255.7
2008-07-01,acide_sulf,257.1
2008-08-01,acide_sulf,268.9
2008-09-01,acide_sulf,296.9
2008-10-01,acide_sulf,295.5
2008-11-01,acide_sulf,254.8
2008-12-01,acide_sulf,189.2
2011-01-01,acide_sulf,138.2
2011-02-01,acide_sulf,141.4
2011-03-01,acide_sulf,142.2
2011-04-01,acide_sulf,146.4
2011-05-01,acide_sulf,150.0
2011-06-01,acide_sulf,153.3
2011-07-01,acide_sulf,153.5
2011-08-01,acide_sulf,157.1
2011-09-01,acide_sulf,159.7
2011-10-01,acide_sulf,155.0
2011-11-01,acide_sulf,162.6
2011-12-01,acide_sulf,163.9
2012-01-01,acide_sulf,162.9
2012-02-01,acide_sulf,159.3
2012-03-01,acide_sulf,159.0
2012-04-01,acide_sulf,152.4
2012-05-01,acide_sulf,153.1
2012-06-01,acide_sulf,154.0
2012-07-01,acide_sulf,152.5
2012-08-01,acide_sulf,154.1
2012-09-01,acide_sulf,156.5
2012-10-01,acide_sulf,156.1
2012-11-01,acide_sulf,155.2
2012-12-01,acide_sulf,149.3
2013-01-01,acide_sulf,155.4
2013-02-01,acide_sulf,150.9
2013-03-01,acide_sulf,144.0
2013-04-01,acide_sulf,135.3
2013-05-01,acide_sulf,148.7
2013-06-01,acide_sulf,144.8
2013-07-01,acide_sulf,142.2
2013-08-01,acide_sulf,132.2
2013-09-01,acide_sulf,129.7
2013-10-01,acide_sulf,128.2
2013-11-01,acide_sulf,128.8
2013-12-01,acide_sulf,123.3
2014-01-01,acide_sulf,117.9
2014-02-01,acide_sulf,124.1
2014-03-01,acide_sulf,121.3
2014-04-01,acide_sulf,119.1
2014-05-01,acide_sulf,123.3
2014-06-01,acide_sulf,128.6
2014-07-01,acide_sulf,131.5
2014-08-01,acide_sulf,132.6
2014-09-01,acide_sulf,131.8
2014-10-01,acide_sulf,132.5
2014-11-01,acide_sulf,125.4
2014-12-01,acide_sulf,135.5
2015-01-01,acide_sulf,130.1
2015-02-01,acide_sulf,142.2
2015-03-01,acide_sulf,136.7
2015-04-01,acide_sulf,145.5
2015-05-01,acide_sulf,142.4
2015-06-01,acide_sulf,141.8
2015-07-01,acide_sulf,139.0
2015-08-01,acide_sulf,141.2
2015-09-01,acide_sulf,140.2
2015-10-01,acide_sulf,140.3
2015-11-01,acide_sulf,138.1
2015-12-01,acide_sulf,136.6
2016-01-01,acide_sulf,137.4
2016-02-01,acide_sulf,131.3
2016-03-01,acide_sulf,135.6
2016-04-01,acide_sulf,136.7
2016-05-01,acide_sulf,131.8
2016-06-01,acide_sulf,127.0
2016-07-01,acide_sulf,121.0
2016-08-01,acide_sulf,127.2
2016-09-01,acide_sulf,128.9
2016-10-01,acide_sulf,126.3
2016-11-01,acide_sulf,125.7
2016-12-01,acide_sulf,127.3
2017-01-01,acide_sulf,128.7
2017-02-01,acide_sulf,123.7
2017-03-01,acide_sulf,120.2
2017-04-01,acide_sulf,118.2
2017-05-01,acide_sulf,122.3
2017-06-01,acide_sulf,117.8
2017-07-01,acide_sulf,122.7
2017-08-01,acide_sulf,128.1
2017-09-01,acide_sulf,123.9
2017-10-01,acide_sulf,128.8
2017-11-01,acide_sulf,126.3
2017-12-01,acide_sulf,133.4
2018-01-01,acide_sulf,132.0
2018-02-01,acide_sulf,132.2
2018-03-01,acide_sulf,137.2
2018-04-01,acide_sulf,136.2
2018-05-01,acide_sulf,136.2
2018-06-01,acide_sulf,137.6
2018-07-01,acide_sulf,145.7
2018-08-01,acide_sulf,138.2
2018-09-01,acide_sulf,139.8
2018-10-01,acide_sulf,143.3
2018-11-01,acide_sulf,144.1
2018-12-01,acide_sulf,149.2
2019-01-01,acide_sulf,148.9
2019-02-01,acide_sulf,151.7
2019-03-01,acide_sulf,148.9
2019-04-01,acide_sulf,151.7
2019-05-01,acide_sulf,144.7
2019-06-01,acide_sulf,143.3
2019-07-01,acide_sulf,139.4
2019-08-01,acide_sulf,138.9
2019-09-01,acide_sulf,140.3
2019-10-01,acide_sulf,139.9
2019-11-01,acide_sulf,137.4
2019-12-01,acide_sulf,131.7
2020-01-01,acide_sulf,128.8
2020-02-01,acide_sulf,128.9
2020-03-01,acide_sulf,126.7
2020-04-01,acide_sulf,125.6
2020-05-01,acide_sulf,127.2
2020-06-01,acide_sulf,133.0
2020-07-01,acide_sulf,133.9
2020-08-01,acide_sulf,129.6
2020-09-01,acide_sulf,130.3
2020-10-01,acide_sulf,131.7
2020-11-01,acide_sulf,133.9
2020-12-01,acide_sulf,135.1
2021-01-01,acide_sulf,135.3
2021-02-01,acide_sulf,140.8
2021-03-01,acide_sulf,143.3
2021-04-01,acide_sulf,148.4
2021-05-01,acide_sulf,187.0
2021-06-01,acide_sulf,194.0
2021-07-01,acide_sulf,205.283
2021-08-01,acide_sulf,203.453
2021-09-01,acide_sulf,202.181
2021-10-01,acide_sulf,203.739
2021-11-01,acide_sulf,202.578
2021-12-01,acide_sulf,231.352
2022-01-01,acide_sulf,236.954
2022-02-01,acide_sulf,247.069
2022-03-01,acide_sulf,255.717
2022-04-01,acide_sulf,267.942
2022-05-01,acide_sulf,334.901
2022-06-01,acide_sulf,357.653
2022-07-01,acide_sulf,340.449
2022-08-01,acide_sulf,301.901
2022-09-01,acide_sulf,302.824
2022-10-01,acide_sulf,297.574
2022-11-01,acide_sulf,208.812
2022-12-01,acide_sulf,205.684
2023-01-01,acide_sulf,204.857
2023-02-01,acide_sulf,207.55
2023-03-01,acide_sulf,205.142
2023-04-01,acide_sulf,214.055
2023-05-01,acide_sulf,188.793
2023-06-01,acide_sulf,188.147
2023-07-01,acide_sulf,186.785
2023-08-01,acide_sulf,184.098
2023-09-01,acide_sulf,168.338
2023-10-01,acide_sulf,171.263
2023-11-01,acide_sulf,185.403
2023-12-01,acide_sulf,189.089
2024-01-01,acide_sulf,194.818
2024-02-01,acide_sulf,173.244
2024-03-01,acide_sulf,172.022
2024-04-01,acide_sulf,177.338
2024-05-01,acide_sulf,166.42
2024-06-01,acide_sulf,161.543
2024-07-01,acide_sulf,186.248
2024-08-01,acide_sulf,179.964
2024-09-01,acide_sulf,183.267
2024-10-01,acide_sulf,183.586
2024-11-01,acide_sulf,212.454
2024-12-01,acide_sulf,212.569
2025-01-01,acide_sulf,213.796
2025-02-01,acide_sulf,183.745
2025-03-01,acide_sulf,186.785
2025-04-01,acide_sulf,185.158
2025-05-01,acide_sulf,216.178
2025-06-01,acide_sulf,219.116
2025-07-01,acide_sulf,222.349
2025-08-01,acide_sulf,222.349
2025-09-01,acide_sulf,216.355
2025-10-01,acide_sulf,224.031
2025-11-01,acide_sulf,233.741
2025-12-01,acide_sulf,233.607
2026-01-01,acide_sulf,232.88
2026-02-01,acide_sulf,246.236
2026-03-01,acide_sulf,248.072
2026-04-01,acide_sulf,251.416
2026-05-01,acide_sulf,302.334
2026-06-01,acide_sulf,306.013
2026-07-01,acide_sulf,307.176
2026-08-01,acide_sulf,307.176
